No,User Name,Rating Bintang,Tanggal,Isi Ulasan Asli,Master Ground Truth,Prediksi ML (Naive Bayes),Confidence Score (%),Prob Positif (%),Prob Negatif (%),Status Anomali
1,Syamsir Spi88,5,2026-09-11,sangat bagus,Positif,Positif,99.8,99.8,0.2,Sesuai
2,Fariz Mashuri,5,2026-09-11,Aplikasinya sangat bagus,Positif,Positif,99.9,99.9,0.1,Sesuai
3,don neno,5,2026-09-11,pln mobole lebih memudahkan ketika ada gangguan listrik di rumah,Positif,Positif,99.7,99.7,0.3,Sesuai
4,Sumpeno Venux,5,2026-09-11,mantaaap,Positif,Positif,99.7,99.7,0.2,Sesuai
5,Tomi Satrio,5,2026-09-11,good job,Positif,Positif,98.5,98.5,1.4,Sesuai
6,Siti Munawaroh,5,2026-09-11,PLN makin,Positif,Positif,99.6,99.6,0.3,Sesuai
7,I Made Gede Suparsa,5,2026-09-11,aplikasi sangat bagus dan sangat membantu,Positif,Positif,99.9,99.9,0.1,Sesuai
8,Hadi purnomo,5,2026-09-11,terimakasih pak PLN rambipuji,Positif,Positif,98.6,98.6,1.3,Sesuai
9,an oa,5,2026-09-11,"keren.. pelayanan cepat tanggap, tepat, bersih. (Sunarno)",Positif,Positif,99.2,99.2,0.7,Sesuai
10,Mahfud10,5,2026-09-11,bagus cepat dan tanggap,Positif,Positif,99.7,99.7,0.2,Sesuai
11,DODDY ALVERO,5,2026-09-11,tetap yg terbaik👍,Positif,Positif,99.3,99.3,0.6,Sesuai
12,Inym Sudarsana,5,2026-09-11,sangat bagus,Positif,Positif,99.8,99.8,0.2,Sesuai
13,Seli Kause,5,2026-09-11,dengan mubali sangat membantu,Positif,Positif,99.1,99.1,0.8,Sesuai
14,Manirah Nirah,5,2026-09-11,terimakasih PLN,Positif,Positif,99.7,99.7,0.3,Sesuai
15,Citra Kirana,5,2026-09-11,pelayanan yang bagus melalui pln mobile,Positif,Positif,99.6,99.6,0.4,Sesuai
16,Aef Syaepulloh,5,2026-09-11,pln mobile uwoow banget,Positif,Positif,99,99,0.9,Sesuai
17,Deni rahmat prasetia,5,2026-09-11,aplikasi pln sangat membantu sekali joss jiss,Positif,Positif,99.5,99.5,0.4,Sesuai
18,Agus Wiranto,5,2026-09-11,sangat mempermudah,Positif,Positif,99.8,99.8,0.2,Sesuai
19,Annisa,5,2026-09-11,"saya sangat puas dengan aplikasi pln mobil karena beli tiket token dan bayar tagihan listrik cepat sekali, transaksinya langsung berhasil tanpa kendala.",Positif,Positif,99.5,99.5,0.4,Sesuai
20,patmi padhan,5,2026-09-11,pln mobile mumadah kan kita untuk bidang kelistrikan,Positif,Positif,98.8,98.8,1.1,Sesuai
21,amun angker,5,2026-09-11,kng.123,Positif,Positif,97.7,97.7,2,Sesuai
22,Roman,5,2026-09-11,Aplikasi ini sangat bermanfaat.,Positif,Positif,99.7,99.7,0.2,Sesuai
23,armaya putra,5,2026-09-11,"semakin mudah dan lebih cepat,,,,,.",Positif,Positif,99.8,99.8,0.2,Sesuai
24,Michael Septian,5,2026-09-11,mempermudah mengecek pemakaian,Positif,Positif,99.1,99.1,0.8,Sesuai
25,Ipul Saputra,5,2026-09-11,mantep de aplikasih pln mobile makin ok aja,Positif,Positif,99.4,99.4,0.6,Sesuai
26,Lalen,1,2026-09-11,SPKLU type AC banyak di ganti ma type DC kenapa ? udh tau fasilitas blm mencukupi apalagi spklu R2 minim bangeutt dh gitu serong rusak / error. pdhal SPKLU type AC sangatt membantu pengguna molis bangeutt PLN / BUMN buang2 duit rakyat @pajak ???,Negatif,Positif,67,67,31.4,💡 Bintang 1-2 tapi Prediksi ML Positif (Pujian / Salah Klik)
27,Fany Odilia,5,2026-09-11,sangat berguna untuk sehari hari,Positif,Positif,98.9,98.9,1,Sesuai
28,jantra nampati,5,2026-09-11,cun....,Positif,Positif,98.6,98.6,1.2,Sesuai
29,Ina Nifu,5,2026-09-11,apk sangat membantu dalam proses gangguan listrik,Positif,Positif,99.8,99.8,0.2,Sesuai
30,Edi saputra,5,2026-09-11,sangat memudah kan dan lebih cepat👍,Positif,Positif,99.6,99.6,0.4,Sesuai
31,Muhadar 192,5,2026-09-11,Aplikasi PLN mobile sngat bereh untuk laporan gangguan tentang kelistrikan,Positif,Positif,99.6,99.6,0.3,Sesuai
32,Indah indi,5,2026-09-11,"aplikasi pln mobile sangat membantu,fitur fiturnya sangat lengkap,sepertipembayaran taggihan listrik,pengaduan gangguan listrik,sambung baru,ubah saya atau migrasi.terimakasi pln mobile",Positif,Positif,99.6,99.6,0.4,Sesuai
33,Hafiz Jalil,5,2026-09-11,terbaik,Positif,Positif,99.7,99.7,0.3,Sesuai
34,Faizatul Ameliya002,5,2026-09-11,baguss dan pelayanan cepatt⭐⭐⭐⭐⭐,Positif,Positif,97.8,97.8,2,Sesuai
35,Alvin Rasta,5,2026-09-11,sangat membantu dan mempermudah respon cepat dan baik aplikasi terbaik.,Positif,Positif,99.9,99.9,0.1,Sesuai
36,Najibur Rohman,5,2026-09-11,"terbaik,sangat membantu",Positif,Positif,99.8,99.8,0.2,Sesuai
37,Alfizal Boni,5,2026-09-11,top deh,Positif,Positif,98.1,98.1,1.7,Sesuai
38,Muhammad Nafis,5,2026-09-11,pln mobile bisa lapor padam listrik,Positif,Positif,99.7,99.7,0.3,Sesuai
39,Atep Ramdhani,5,2026-09-11,PLN mobile mantap...mempermudah tentang listriknya....terbaik..,Positif,Positif,99.8,99.8,0.1,Sesuai
40,08. Dandy dzakitamodi,4,2026-09-11,sangat membantu ketika bepi pulsa,Positif,Positif,99.2,99.2,0.7,Sesuai
41,Ayu Cahyani,5,2026-09-11,Membantu saya memantau rumah yang ditinggali orang tua dari jauh. Bisa belikan pulsa atau cek tagihan kapan saja. Fitur yang sangat berarti bagi saya.,Positif,Positif,97.7,97.7,2.1,Sesuai
42,Wahyudi Bkl,5,2026-09-11,"pln mobile sangat memudahkan kami melaporkan gangguan kelistrikan 👍👍,",Positif,Positif,99.9,99.9,0.1,Sesuai
43,rudi bamboo,5,2026-09-11,Pelayanan gangguan lewat aplikasi cepat,Positif,Positif,99.4,99.4,0.5,Sesuai
44,anwarjr choirul,5,2026-09-11,"respon cepat, terimakasih",Positif,Positif,99.6,99.6,0.4,Sesuai
45,Dortia Boimau,5,2026-09-11,Dengan mubail sangat bermanfaat,Positif,Positif,98.9,98.9,1,Sesuai
46,Arjhun Arjhun,5,2026-09-11,"keren..keren..Fiturnya lengkap, mulai dari pembelian token sampai lapor gangguan. semua ada disini, dan di tanggapi dengan cepat,tepat dan penuh keramahan dari pihak pln",Positif,Positif,99.2,99.2,0.7,Sesuai
47,dilkidilkidil 31,5,2026-09-11,"Memudahkan untuk transaksi pembayaran listrik, tapi lebih enak kalo ada fitur isi saldo di plnmobile agar lebih memudahkan pembayaran tidak perlu buka mbking lagi.",Positif,Positif,98.7,98.7,1.2,Sesuai
48,mursalin xtitl,5,2026-09-11,"Semakin banyak fitur kelistrikan di aplikasi PLN MOBILE semakin mudah pelayanan PLN,transaksi tagihan,token makin mudah, tambah daya dan pasang baru lebih gampang.....",Positif,Positif,99.9,99.9,0.1,Sesuai
49,Rohyaman,5,2026-09-11,PLN mobile sangat keren sekali mantap,Positif,Positif,99.8,99.8,0.2,Sesuai
50,ciliwung,5,2026-09-11,pln mobile👍🏻👍🏻👍🏻,Positif,Positif,99.8,99.8,0.2,Sesuai
51,Bunda Hafsah,5,2026-09-11,dengan adanya pln mobile semua cepat pasang baru tmbah daya dan gangguan listrik cepat,Positif,Positif,99.8,99.8,0.2,Sesuai
52,t opan,5,2026-09-11,sangat baik,Positif,Positif,99.7,99.7,0.2,Sesuai
53,Ardirasad,5,2026-09-11,Selama memamakai aplikasi pln mobile saya merasa sangat terbantu dalam transaksi dan pelaporan kelistrikan,Positif,Positif,99.4,99.4,0.5,Sesuai
54,Mansah Fir,5,2026-09-11,kreeen gak Ribet,Negatif,Positif,89.9,89.9,9.7,Sesuai
55,Ragil Adi,5,2026-09-11,PLN Mobile jos jis respon cepat 👍👍👍👍👍,Positif,Positif,99.8,99.8,0.2,Sesuai
56,Baigon Baigon,5,2026-09-11,"sangat memudakan pelanggan, tanpa harus ke kantor pln",Positif,Positif,98.9,98.9,1,Sesuai
57,muni ruddin,5,2026-09-11,PLN mobile sangat membantu saya dalam segala permasalahan kelistrikan yg saya hadapi . serta informasi tentang kelistrikan sangat mudah dan tepat namun semakin aplikasi di perbaharui tidak menjamin semua orang bisa mudah beradab tadi dengan perubahan di PLN mobile,Positif,Positif,99.6,99.6,0.4,Sesuai
58,Dian Kardiansyah,5,2026-09-11,pln mobile selalu mudah,Positif,Positif,99.5,99.5,0.4,Sesuai
59,Muslem Muslem,5,2026-09-11,PLN mobile paling mudah untuk pembayaran tagihan listrik,Positif,Positif,99.7,99.7,0.2,Sesuai
60,SALAHSIAH,5,2026-09-11,APK SANGAT MEMBANTU SEMUA URUSAN pLN.,Positif,Positif,99.8,99.8,0.2,Sesuai
61,Muakhir Aidil,5,2026-09-11,"Aplikasi PLN Mobile sangat membantu dan penggunaan mudah, fitur selalu terupdate.....",Positif,Positif,99.9,99.9,0.1,Sesuai
62,Kang Romi,5,2026-09-11,sangat bagus utk pelaanggan,Positif,Positif,99.2,99.2,0.7,Sesuai
63,Mak Rufah,5,2026-09-11,pelayanan cepat tepat dan profesional,Positif,Positif,99.2,99.2,0.7,Sesuai
64,putri adelia,5,2026-09-11,mantappp,Positif,Positif,99.7,99.7,0.2,Sesuai
65,Bilqis,5,2026-09-11,Personalisasi kartu informasi kelistrikan pada halaman utama keren sekali,Positif,Positif,97.9,97.9,1.9,Sesuai
66,Siri Sukili,5,2026-09-11,Alhamdulillah dgn aplikasi ini sy dgn mudah mencek tagihan listrik dan semua yg berhubungan dgn kelistrikan,Positif,Positif,99.6,99.6,0.4,Sesuai
67,Khairil ril,5,2026-09-11,PLN mobil sangat membantu,Positif,Positif,99.8,99.8,0.2,Sesuai
68,Vivo Y19s,5,2026-09-11,sudah terbukti,Positif,Positif,98,98,1.8,Sesuai
69,astank 0207,1,2026-09-11,siap,Negatif,Negatif,90,10,90,Sesuai
70,WAWAN RIZKYAWAN,3,2026-09-11,Jadi bintang 5 kalau ada metode pembayaran QRIS,Netral,Positif,95.4,95.4,3.7,Sesuai
71,Nabila Nursifa,5,2026-09-11,pln. oke sukses selalu yes yes,Positif,Positif,98.4,98.4,1.4,Sesuai
72,Danz,5,2026-09-11,"bagus sekali aplikasi ini, sangat membantu",Positif,Positif,99.9,99.9,0.1,Sesuai
73,Ruzita Itaa,5,2026-09-11,pln ok,Positif,Positif,99.8,99.8,0.2,Sesuai
74,Lenny Vera,5,2026-09-11,layanan sangat baik dan praktis,Positif,Positif,99.9,99.9,0.1,Sesuai
75,Rendra Purnama,5,2026-09-11,aplikasi sangat membantu trimksh 👍,Positif,Positif,99.6,99.6,0.4,Sesuai
76,Putu adi Bintang,5,2026-09-11,aplikasi mudah digunakan untuk pelaporan masalah listrik,Positif,Positif,99.8,99.8,0.2,Sesuai
77,Mas Eko,5,2026-09-11,mantap👍👍👍👍,Positif,Positif,99.8,99.8,0.2,Sesuai
78,Ridho Lazeryanda,5,2026-09-11,beli token di apk lebih menarik krna bnyak nominal pilihanya mulai dri 5K saja,Positif,Positif,98,98,1.8,Sesuai
79,Muaz Muaz,5,2026-09-11,pln mobile utk mempermudah laporan,Positif,Positif,99.7,99.7,0.3,Sesuai
80,Zulfikar 999,5,2026-09-11,"aplikasi yang sangat membantu dalam segala hal tentang kelistrikan, terutama pembelian token listrik dan lainya",Positif,Positif,99.8,99.8,0.2,Sesuai
81,Ndase Ngelu,5,2026-09-11,Semakin josjiss,Positif,Positif,98.8,98.8,1.1,Sesuai
82,Nurfadliya Adam,5,2026-09-11,💯,Positif,Positif,98.4,98.4,1.4,Sesuai
83,Ucup Cihuy,5,2026-09-11,Sangat membantu PLN mobile. Dan mudah dimengerti. banyak promo yg menarik.,Positif,Positif,99.4,99.4,0.6,Sesuai
84,Suriadi Dalimunthe,5,2026-09-11,dengan aplikasi PLN mobile kita bisa bertransaksi dengan mudah dan gampang yes,Positif,Positif,99.6,99.6,0.4,Sesuai
85,ssa nun,5,2026-09-11,aplikasi pelayanan yang sangat membantu.di bidang kelistrikan.,Positif,Positif,99.7,99.7,0.3,Sesuai
86,Baharuddin Simanjuntak,5,2026-09-11,aplikasi ini banyak mempaat dan kegunaannya,Positif,Positif,98.7,98.7,1.2,Sesuai
87,Ahda Fikora,5,2026-09-11,"semenjak adanya apk pln mobile pembayran dri apk kita lebih mudah dan jelas krna kita biza mengrtahui angka KWh xan rincian rupiah nya, trimkalsih pln mobile",Positif,Positif,98.1,98.1,1.7,Sesuai
88,Satugi Satugi,5,2026-09-11,PLN Mobil membantu dan mempermudah kita semua,Positif,Positif,99.8,99.8,0.2,Sesuai
89,Fadilla Ilmiah,5,2026-09-11,"Pelayanan sangat baik! PLN Mobile sangat membantu, mudah digunakan, cepat, dan praktis untuk berbagai kebutuhan layanan PLN. Semoga terus ditingkatkan!",Positif,Positif,99.9,99.9,0.1,Sesuai
90,Zeena putri refdiansyah Zeena,5,2026-09-11,Tampilan baru yang lebih modern dengan navigasi yang lebih mudah digunakan,Positif,Positif,98.8,98.8,1.1,Sesuai
91,anton anton,5,2026-09-11,pelayanan nya cepat dan memuaskan,Positif,Positif,99.6,99.6,0.3,Sesuai
92,Abubakar,5,2026-09-11,sangat memudahkan dan membantu pelanggan bereh pln,Positif,Positif,99.7,99.7,0.3,Sesuai
93,amanda manata,5,2026-09-11,mantap banget aplikasinya.,Positif,Positif,99.2,99.2,0.7,Sesuai
94,Hamdani,5,2026-09-11,"Alhamdulillah dengan menggunakan aplikasi PLN mobile, semua urusan kelistrikan jadi mudah. bisa membayar tagihan, membeli token. semua lancar kita lakukan tanpa harus keluar rumah. berjaya terus PLN mobile.",Positif,Positif,99.8,99.8,0.2,Sesuai
95,Mila Zalim,5,2026-09-11,tidak pernah gagal menjadi aplikasi pilihan.,Positif,Positif,97.2,97.2,2.6,Sesuai
96,satuki Ahmad,5,2026-09-11,user friendly.,Positif,Positif,97.6,97.6,2.1,Sesuai
97,Tony Dmf,5,2026-09-11,Sangat membantu dalam menjalankan transaksi seperti beli token dan bayar tagihan listrik dan juga banyak promo'nya,Positif,Positif,99.7,99.7,0.3,Sesuai
98,Misnaya Margo,5,2026-09-11,selalu menjadi pilihan utama.,Positif,Positif,98.1,98.1,1.7,Sesuai
99,Andi Dermawan,5,2026-09-11,solusi cepat mengatasi segala kebutuhan dan keluahan kelistrikan pelanggan,Positif,Positif,98.6,98.6,1.3,Sesuai
100,anggarda Pratama,5,2026-09-11,aplikasi updatenya keren,Positif,Positif,98.4,98.4,1.4,Sesuai
101,34_ Zidane Miftahul M,5,2026-09-11,layanan sangat baik,Positif,Positif,99.8,99.8,0.2,Sesuai
102,pascal soegimin,5,2026-09-11,aplikasi PLN mobile sangat membantu 👏,Positif,Positif,99.9,99.9,0.1,Sesuai
103,RESIKO TV,5,2026-09-11,Aplikasi pln mobile ini sangat membantu dan memudahkan,Positif,Positif,100,100,0,Sesuai
104,Deni Sumarlin,5,2026-09-11,memiliki verifikasi 2 langkah.,Positif,Positif,97.5,97.5,2.2,Sesuai
105,Burhanoleng Oleng,5,2026-09-11,pln mobile mantap,Positif,Positif,99.9,99.9,0.1,Sesuai
106,Toni Muharam,5,2026-09-11,dengan adanya apk PLN mobile ini sangat membantu dan mempermudah dalam melakukan pembayaran dan pembelian token listrik,Positif,Positif,100,100,0,Sesuai
107,Muhajir Lamkaruna,5,2026-09-11,sangat puas dengan aplikasi PLN mobile,Positif,Positif,99.8,99.8,0.2,Sesuai
108,Moch Yanto,5,2026-09-11,aplikasi PLN mobile sangat membantu,Positif,Positif,100,100,0,Sesuai
109,Rian Setiawan,5,2026-09-11,"PLN MOBILE aplikasi yg sangat membantu buat pelanggan nya, apalagi versi terbaru membuat tampilan nya menjadi lebih inovatif lagi dan memudahkan buat pelanggan nya",Positif,Positif,99.4,99.4,0.6,Sesuai
110,REHMULI PURBA,5,2026-09-11,is the best,Positif,Positif,98.7,98.7,1.2,Sesuai
111,EL NINA,5,2026-09-11,Pengaduan listrik semakin mudah dengan pln mobile,Positif,Positif,99.8,99.8,0.2,Sesuai
112,Naima Omira,5,2026-09-11,terima kasih PLN dengan adanya pln mobile sangat memudahkan masyarakat untuk laporan..,Positif,Positif,99.9,99.9,0.1,Sesuai
113,Jhon K,5,2026-09-11,pelayanan cpt..,Positif,Positif,98.8,98.8,1.1,Sesuai
114,Haris Munandar,5,2026-09-11,sangat membantu,Positif,Positif,99.9,99.9,0.1,Sesuai
115,Rin Nohara,5,2026-09-11,aplikasi ini sangat membantu ketika ada masalah atau gangguan listrik di rumah dan langsung respon dari pln..,Positif,Positif,99.8,99.8,0.2,Sesuai
116,Endang Seniwati,5,2026-09-11,pln Bojonegoro kota hebaaat..,Positif,Positif,98.2,98.2,1.6,Sesuai
117,Parjok Kibot,5,2026-09-11,"semua urusan listrik mudah dengan aplikasi ini ,yok gunakan apk nya gays",Positif,Positif,99.6,99.6,0.3,Sesuai
118,Dana Agus Setiawan,5,2026-09-11,BG SATRIA SEMAKIN DI DEPAN WAHYU FINIS LUAN,Positif,Positif,97.9,97.9,1.9,Sesuai
119,M A C,5,2026-09-11,"PLN sangat membantu masyarakat dan petugas sangat ramah, dan juga tidak mau menerima imbalan berbentuk apapun..",Positif,Positif,98.8,98.8,1.1,Sesuai
120,JUNAIDI Dila,5,2026-09-11,mantap apk nya bayar listrik admin nya murah,Positif,Positif,99.2,99.2,0.7,Sesuai
121,Ponijah Giono,5,2026-09-11,Bermanfaat bagi pelanggan,Positif,Positif,99.4,99.4,0.5,Sesuai
122,Wardoyo Yoyok,5,2026-09-11,sangat mudah,Positif,Positif,99.8,99.8,0.2,Sesuai
123,Ayu Lestari,5,2026-09-11,"Terima kasih pln mobile, semua jadi mudah 👍👍",Positif,Positif,99.9,99.9,0.1,Sesuai
124,Yesi,5,2026-09-11,sangat membantu,Positif,Positif,99.9,99.9,0.1,Sesuai
125,April Liana,5,2026-09-11,petugas penyambungan ramah,Positif,Positif,98.5,98.5,1.3,Sesuai
126,Resho Dastian,5,2026-09-11,ojib,Positif,Positif,98.1,98.1,1.7,Sesuai
127,Iqbal Maulana,5,2026-09-11,"“Aplikasi PLN Mobile sangat membantu. Cek tagihan, beli token listrik, dan lapor gangguan jadi lebih mudah dan cepat. Tampilannya juga cukup simpel dan mudah digunakan. Sangat recommended!”",Positif,Positif,99.9,99.9,0,Sesuai
128,Dikaa,5,2026-09-11,"Aplikasinya sangat membantu, fiturnya lengkap, semua layanan kelistrikan ada disini. Pelayanan dan penangannannya cepat anti pending, gak pakai ribet, mudah diakses dan dipahami, cocok buat semua kalangan. Pokoknya memudahkan banget, terutama untuk bayar listrik dan pelaporan gangguan. Fitur terbarunya menarik untuk tambah daya",Negatif,Positif,95.2,95.2,4.7,Sesuai
129,Van,5,2026-09-11,"Aplikasinya benar-benar memudahkan banget buat beli token dan bayar listrik, tampilan simple semua menu mudah dipahami, bahkan untuk orang awam. Fitur-fiturnya lengkap, dari cek riwayat penggunaan sampai pengajuan gangguan juga bisa. Pelayanannya cepat dan anti pending, saya pernah komplain langsung ditangani dengan baik. Terima kasih PLN mobile fitur terbarunya baik sekali mudah dipahami",Positif,Positif,99.5,99.5,0.5,Sesuai
130,Fujji Asemmaa,5,2026-09-11,sangat puas dg apk pln mobile ini krna cepat respkn untuk membtu ktika ada listrik yg bermasalh tnpa harus telpon2 lagi,Positif,Positif,98.3,98.3,1.5,Sesuai
131,Nur OL,5,2026-09-11,aplikasi yang sangat membantu sekali untuk pasang baru pln,Positif,Positif,99.8,99.8,0.2,Sesuai
132,fisha,5,2026-09-11,"Aplikasi sangat membantu dan praktis, PLN Mobile benar-benar memudahkan segala urusan kelistrikan. Dari beli token, cek tagihan, hingga pengaduan gangguan bisa dilakukan hanya lewat satu aplikasi. Tampilan aplikasi juga bagus dan enak dilihat. Fitur pasang baru nya mudah dipahami",Positif,Positif,99.8,99.8,0.2,Sesuai
133,ansari Pandapotan Hulu,5,2026-09-11,cun x aplikasi nya,Positif,Positif,99.1,99.1,0.8,Sesuai
134,Nofrizal Rizal,5,2026-09-11,pln mobile sangat baik,Positif,Positif,100,100,0,Sesuai
135,Rizky Bagas,5,2026-09-11,terbaik,Positif,Positif,99.7,99.7,0.3,Sesuai
136,wisha,5,2026-09-11,"Aplikasi yang sangat berguna, fitur pembelian token sangat baik, bisa juga tambah daya online. Terimakasih PLN Mobile fitur terbaru tambah daya nya bagus",Positif,Positif,99.9,99.9,0.1,Sesuai
137,tisna dewi,5,2026-09-11,Mudah cek tagihan,Positif,Positif,99.7,99.7,0.3,Sesuai
138,wiro28,5,2026-09-11,"Sangat membantu! Sekarang cek tagihan listrik, beli token, sampai lapor gangguan bisa dari HP saja. Aplikasinya mudai dipakai dan fitur notifikasinya sangat informatif. Semoga kedepannya bisa lebih stabil dan cepat responnya. Fitur terbaru pasang baru & tambah daya sangat bagus",Positif,Positif,99.7,99.7,0.3,Sesuai
139,lipo lipa,5,2026-09-11,bagus sekali,Positif,Positif,99.5,99.5,0.4,Sesuai
140,feby malikaa,5,2026-09-11,"thanks pln, hidup jadi lebih mudah👍🏻👍🏻",Positif,Positif,99.5,99.5,0.4,Sesuai
141,Hq Dsant,5,2026-09-11,baik,Positif,Positif,99.7,99.7,0.3,Sesuai
142,Way Wahidin,5,2026-09-11,Sangat Membantu 👍👍,Positif,Positif,99.8,99.8,0.1,Sesuai
143,Ratna Sari,5,2026-09-11,maksih,Positif,Positif,98.1,98.1,1.7,Sesuai
144,Basss,5,2026-09-11,"Aplikasinya sangat membantu, fiturnya lengkap, semua layanan kelistrikan ada disini. Pelayanan dan penangannannya cepat anti pending, gak pakai ribet, mudah diakses dan dipahami, cocok buat semua kalangan. Pokoknya memudahkan banget, terutama untuk bayar listrik dan pelaporan gangguan. Fitur terbarunya menarik untuk tambah daya",Negatif,Positif,95.2,95.2,4.7,Sesuai
145,Vinni Triana,5,2026-09-11,"pln mobile dg versi terbaru skrng semakin safset dan oke bnget, berharap pln mobile bisa lngjang bisa top up jadi lebih praktiss",Positif,Positif,98.8,98.8,1.1,Sesuai
146,nisa impupp,5,2026-09-11,"Dengan ada nya aplikasi PLN MOBILE segala urusan semua nya mudah dari permohonan pasang baru,tambah daya,beli token,bayar listrik,bisa pengaduan gangguan dan juga bisa baca meter mandiri/swacam yang langsung muncul angka nya",Positif,Positif,99.6,99.6,0.4,Sesuai
147,krisna dimas suhendra,5,2026-09-11,pembayaran lebih mudah menggunakan PLN mobilee,Positif,Positif,99.6,99.6,0.3,Sesuai
148,indri,5,2026-09-11,"Aplikasinya benar-benar memudahkan banget buat beli token dan bayar listrik, tampilan simple semua menu mudah dipahami, bahkan untuk orang awam. Fitur-fiturnya lengkap, dari cek riwayat penggunaan sampai pengajuan gangguan juga bisa. Pelayanannya cepat dan anti pending, saya pernah komplain langsung ditangani dengan baik. Terima kasih PLN mobile fitur terbarunya baik sekali mudah dipahami",Positif,Positif,99.5,99.5,0.5,Sesuai
149,Tmo Lazuardi,5,2026-09-11,Aplikasi PLN Mobile untuk memudahkan pelanggan untuk melapor padam listrik dan lain,Positif,Positif,99.8,99.8,0.2,Sesuai
150,Setia Darma ari,5,2026-09-11,apklikasi yang sangat membantu untuk bertransaksi mau pun untuk laporan tentang keluhan kelistrikan,Positif,Positif,99.3,99.3,0.6,Sesuai
151,Syarbaini Syar,5,2026-09-11,sangat rekomendasi,Positif,Positif,97.9,97.9,1.9,Sesuai
152,Hlintul Hilal,5,2026-09-11,"aplikasi pln mobile buat pembayaran lebih cepat dan praktis dan juga kita bisa liat history pembelian kita lewat aplikasi jadi ga ilang riwayatnya, pemberitahuan info kelistrikan rumah kita juga lebih mudah didapat lewat aplikasi pln mobile.",Positif,Positif,99.3,99.3,0.6,Sesuai
153,Ebet,5,2026-09-11,semenjak ada pln mobile semua urusan jadi gampang. mantep pokoknya,Positif,Positif,99.3,99.3,0.6,Sesuai
154,Ester Silalahi,5,2026-09-11,apk pln mobile sangat membantu dalam pelaporan gangguan listrik,Positif,Positif,100,100,0,Sesuai
155,Siti Lutfiya,5,2026-09-11,kerenn!!,Positif,Positif,98.1,98.1,1.7,Sesuai
156,Rohmatul Yasir,5,2026-09-11,dengan adanya PLN Mobile saya sangat terbantu mengenai kelistrikan terimakasih PLN,Positif,Positif,99.8,99.8,0.2,Sesuai
157,Sugiok Reka,5,2026-09-11,kemudahan dalam semua pelayanan pelayanan,Positif,Positif,99.4,99.4,0.6,Sesuai
158,Cutticaci Cuca,5,2026-09-11,aplikasi pln mobile sangat memudahkan saya dalam urusan kelistrikan dirumah. sekali pencet banyak sekali informasi yang saya dapatkan dan amat sangat memudahkan saya sebagai pelanggan dalam membayar tagihan ataupun pengaduan terkait masalah yang saya alami.,Positif,Positif,99.4,99.4,0.6,Sesuai
159,Alo subaris Subaris alo,5,2026-09-11,apk ini mudah membantu kami,Positif,Positif,99.6,99.6,0.4,Sesuai
160,Riki Yap,5,2026-09-11,aplikasi yang sangat membantu dalam pelayanan penggaduan,Positif,Positif,99.7,99.7,0.2,Sesuai
161,Jumhairi,5,2026-09-11,pln terdepan dengan aplikasi yg mapan,Positif,Positif,98.8,98.8,1.1,Sesuai
162,Dredolf Inspeksi Tempeh,5,2026-09-11,baik,Positif,Positif,99.7,99.7,0.3,Sesuai
163,Fauzi Fauzi,5,2026-09-11,PLN mobile aplikasi sangat bagus sangat bermanfaat dan banyak fitur fitur kenarik untuk pengisian token dan dapat di gunakan dengan sangat mudah untuk pelaporan gangguan dan lain lainnya. Terima kasih. PLN Mobile ok.,Positif,Positif,99.8,99.8,0.2,Sesuai
164,Yosef Willy,5,2026-09-11,👍,Positif,Positif,99.6,99.6,0.4,Sesuai
165,Kiki Bayhaki,5,2026-09-11,"pengguna merasa terbantu karena bisa membeli token,membayar tagihan listrik ,dan mengajukan tambah daya tanpa harus datang ke kantor PLN. PLN MOBILE TERBAIK",Positif,Positif,99.8,99.8,0.2,Sesuai
166,Satria ginting,5,2026-09-11,"PLN Luar Biasa Mantap dan terbaik💪💪💪💪🙏,aplikasi yg bagus dan mudah di pahami..",Positif,Positif,99,99,0.9,Sesuai
167,Vazlam Muha,5,2026-09-11,"Cepat, bagus",Positif,Positif,99.6,99.6,0.4,Sesuai
168,Sholehah Nisauljannah,5,2026-09-11,PLN TERBAIK,Positif,Positif,99.6,99.6,0.4,Sesuai
169,Supardi Pardi,5,2026-09-11,pln mobeli sanggat membantu saat mati lampu petugas cepat tanggap,Positif,Positif,98.6,98.6,1.3,Sesuai
170,di mas,5,2026-09-11,"aplikasi ini sangat baik dan mudah dipahami, memudahkan ketika ada gangguan tinggal pilih laporan pengaduan dan petugasnya gercep banget. dan dilengkapi fitur pasang baru maupun perubahan daya.",Positif,Positif,99.6,99.6,0.3,Sesuai
171,iko Darmawan,5,2026-09-11,keren sekali aplikasi PLN ini,Positif,Positif,99.7,99.7,0.3,Sesuai
172,Stival Leo,5,2026-09-11,mubail sanyat membantu menyelesaikan ganguan listrik,Positif,Positif,98.2,98.2,1.6,Sesuai
173,masdi ku,5,2026-09-11,PLN mobile semua makin mudah,Positif,Positif,99.9,99.9,0.1,Sesuai
174,Radha Reksiana,5,2026-09-11,aplikasi pln mobile mudah di gunakan untuk urusan kelistrikan.,Positif,Positif,99.9,99.9,0.1,Sesuai
175,Hirson herlambang,5,2026-09-11,bagus fitur yang tersedia disini aplikasi pln ini,Positif,Positif,99.3,99.3,0.6,Sesuai
176,Muslim Arepa,5,2026-09-11,"Terima kasih atas pelayanannya,,",Positif,Positif,99.2,99.2,0.7,Sesuai
177,Slamet widodi,5,2026-09-11,keren banget aplikasi PLN ini,Positif,Positif,99.6,99.6,0.4,Sesuai
178,ais yah,5,2026-09-11,"aplikasi ini sangat baik dan membantu sekarang tidak perlu repot repot datang ke pln cukup dengan aplikasi bisa bayar listrik, cek tagihan, bahkan cek gangguan, semakin mudah dipahami.",Positif,Positif,99.8,99.8,0.2,Sesuai
179,Budi katimi,5,2026-09-11,suka fitur yang ada di aplikasi PLN ini,Positif,Positif,99.6,99.6,0.4,Sesuai
180,Ahmad maman,5,2026-09-11,bayar tagihan listrik lewat aplikasi pln ini,Positif,Positif,99.9,99.9,0.1,Sesuai
181,Indra akbar,5,2026-09-11,terbantu sekali saya dengan adanya aplikasi pln,Positif,Positif,99.8,99.8,0.2,Sesuai
182,Muhammad Ipin,5,2026-09-11,Bagus sekali aplikasi pln,Positif,Positif,99.8,99.8,0.2,Sesuai
183,Warto Warto1979,5,2026-09-11,pelayan yg cepat dan ramah. aplikasi mudah digunakan..,Positif,Positif,99.7,99.7,0.3,Sesuai
184,Afif maulana,5,2026-09-11,mantap fungsinya aplikasi pln,Positif,Positif,99.5,99.5,0.5,Sesuai
185,Fadil permata,5,2026-09-11,request menaikkan daya listrik mudah dengan aplikasi ini,Positif,Positif,99.3,99.3,0.6,Sesuai
186,Bagus al,5,2026-09-11,keren aplikasi pln bagus,Positif,Positif,99.7,99.7,0.3,Sesuai
187,Siska Duwi,5,2026-09-11,aplikasi sangat membatu keluhan listrik,Positif,Positif,99.7,99.7,0.3,Sesuai
188,udin bakso,5,2026-09-11,"aplikasi ini sangat membantu sekali, saat ada gangguan pada kelistrikan fast respon langsung ada tindakan.dan ada juga peningkatan pelayanan pasang baru atau tambah daya.",Positif,Positif,99.4,99.4,0.5,Sesuai
189,bahari darwis,5,2026-09-11,"Saya sangat mengapresiasi pelayanan PLN yang semakin berkembang dan memudahkan masyarakat. Berbagai kebutuhan pelanggan dapat ditangani dengan lebih praktis, informasi juga mudah dipahami, dan pelayanan terasa semakin responsif. Semoga PLN terus memberikan pelayanan terbaik, menjaga kualitas listrik, serta terus menghadirkan inovasi yang bermanfaat bagi pelanggan.",Positif,Positif,98.8,98.8,1.1,Sesuai
190,FEBRIANTO KORE DIDA,5,2026-09-11,sangat membantu kami,Positif,Positif,99.7,99.7,0.2,Sesuai
191,Khomsiah,5,2026-09-11,PLN mobile makasih respon cepatnya..,Positif,Positif,99.5,99.5,0.4,Sesuai
192,Mulyadi Adi,5,2026-09-11,pln bet bereeh,Positif,Positif,98.3,98.3,1.5,Sesuai
193,Amin Prasetya,5,2026-09-11,"semoga semakin jaya,sangat membantu sekali",Positif,Positif,99.6,99.6,0.4,Sesuai
194,budiono oke,5,2026-09-11,"PLN in the best. pelayanan cepat, tepat dan memuaskan",Positif,Positif,99.6,99.6,0.4,Sesuai
195,Jufri Adi,5,2026-09-11,"Alhamdulillah, aplikasinya sangat membantu dan mudah digunakan.",Positif,Positif,99.9,99.9,0.1,Sesuai
196,elisman Dra,5,2026-09-11,"Pelayanan PLN semakin baik dan mudah digunakan. Informasi yang diberikan jelas, proses pengaduan juga cukup praktis, sehingga pelanggan tidak perlu bingung ketika membutuhkan bantuan. Semoga kualitas pelayanan PLN terus dipertahankan dan ditingkatkan agar semakin cepat, responsif, dan memberikan kepuasan bagi seluruh pelanggan.",Positif,Positif,99.2,99.2,0.7,Sesuai
197,Hari Mukti,5,2026-09-11,aplikasi pln mobile sangat membantu swacam,Positif,Positif,99.9,99.9,0.1,Sesuai
198,habibi ahmad,5,2026-09-11,bagus cepat tanggap,Positif,Positif,99.7,99.7,0.3,Sesuai
199,Nurifah Ifah,5,2026-09-11,pelayanan nya sangat memuaskan pelayanan juga cepat...,Positif,Positif,99.3,99.3,0.6,Sesuai
200,Sesylia Destriani,5,2026-09-11,aplikasi yang sangat membantu saya dalsm penggaduan pln,Positif,Positif,99.5,99.5,0.4,Sesuai
201,V_3ndud Nindat tf,5,2026-09-11,rubah daya praktis,Positif,Positif,99.2,99.2,0.7,Sesuai
202,Karno Yayang,5,2026-09-11,migrasi mdh,Positif,Positif,98.5,98.5,1.3,Sesuai
203,Roby Ilyas,5,2026-09-11,"Mantappppp,bintang 5",Positif,Positif,99,99,0.9,Sesuai
204,Saidi Saidi,5,2026-09-11,terima kasih responya cepat sangat membatu masyarakat semoga terus lebih baik lagi dan terus membantu masyarakat dan semakin jaya jaya dan terimakasih banyak atas pelayannya cepat semangat,Positif,Positif,99.3,99.3,0.7,Sesuai
205,Siswanto Putraa,5,2026-09-11,apk pln mobile ok,Positif,Positif,100,100,0,Sesuai
206,Teddy Syahputra,5,2026-09-11,pln mantap,Positif,Positif,99.6,99.6,0.4,Sesuai
207,Tas Muri,5,2026-09-11,aplikasi pln mobile memang siip,Positif,Positif,99.4,99.4,0.6,Sesuai
208,Putu Yasmin,5,2026-09-11,good job,Positif,Positif,98.5,98.5,1.4,Sesuai
209,Gue Ndud,5,2026-09-11,rubah daya mdh,Positif,Positif,99.2,99.2,0.7,Sesuai
210,Dedy Baskoro,5,2026-09-11,Sangat cepat respons dijaga pelayanan nya,Positif,Positif,98.7,98.7,1.2,Sesuai
211,Synaptic Resonance,5,2026-09-11,aplikasi istimewa.. sangat membantu kami..,Positif,Positif,99.2,99.2,0.7,Sesuai
212,Sumarni 23 068,5,2026-09-11,sangat membantu dan praktis,Positif,Positif,99.8,99.8,0.1,Sesuai
213,Mutia Nuroktaviani,5,2026-09-11,mudah di akses . urusan listrik jadi lebih mudah .. mantapp 👌👌👌,Positif,Positif,99.1,99.1,0.8,Sesuai
214,loli pop,5,2026-09-11,aplikasi membantu,Positif,Positif,99.3,99.3,0.7,Sesuai
215,Sumeri Meris,5,2026-09-11,pln mobel,Positif,Positif,98.7,98.7,1.1,Sesuai
216,Cha Chee,5,2026-09-11,aplikasi ini sangat penting,Positif,Positif,99.3,99.3,0.6,Sesuai
217,Melkianus Tavares,5,2026-09-11,sangat membantu dengan aplikasi pln mobile bisa melakukan tambah daya bayar tagihan listrik pembelian token listrik pasang baru,Positif,Positif,100,100,0,Sesuai
218,Fredika Agustiawan,5,2026-09-11,"👍😀👍Dengan melalui PLN MOBILE, kami sekarang sudah dapat bertransaksi pembelian token listrik prabayar jadi lebih mudah, hemat waktu tanpa harus ke PPOB atau sejenisnya, dengan fitur sWacam juga pencatatan stand meter bisa dilakukan sendiri & langsung tertera estimasi biayanya, sudah sangat membantu, fitur2 lain di aplikasi PLN Mobile juga sdh lengkap juga sdh ada penambahan menu SPKLU",Positif,Positif,98.6,98.6,1.2,Sesuai
219,Handoko Supriyo,5,2026-09-11,banyak fitur keren buat memudahkan pelanggan,Positif,Positif,99.5,99.5,0.5,Sesuai
220,Agung Priyadi,5,2026-09-11,"PLN mobile mantap! Yuk gaes instal sekarang di masing-masing gawainya. Banyak manfaatnya lho, dijamin tidak rugi. Tks PLN, tks Indonesia",Positif,Positif,100,100,0,Sesuai
221,A' AN,5,2026-09-11,pln mobile bisa beli token,Positif,Positif,99.9,99.9,0.1,Sesuai
222,Fera Wati,5,2026-09-11,aplikasi PLN mobile sangat membantu untuk layanan gangguan listrik padam,Positif,Positif,99.9,99.9,0.1,Sesuai
223,Leni Maryani,5,2026-09-11,PLN mobile membantu sy memudahkan membeli token,Positif,Positif,99.8,99.8,0.2,Sesuai
224,Haleyora Benjeng18,5,2026-09-11,pln mobil layanan cepat. penggunaan mudah,Positif,Positif,99.8,99.8,0.2,Sesuai
225,Muhammad Syahrul Qadri,5,2026-09-11,"Saya sangat terbantu dengan adanya aplikasi PLN Mobile, tampilan nya bagus dan mudah digunakan, semua layanan listrik jadi semakin mudah",Positif,Positif,100,100,0,Sesuai
226,Rudi Indarto,5,2026-09-11,"PLN mobile mantap! Yuk gaes instal sekarang di masing-masing gawainya. Banyak manfaatnya lho, dijamin tidak rugi. Tks PLN, tks Indonesia",Positif,Positif,100,100,0,Sesuai
227,Ramlan Tenambunan,5,2026-09-11,sangat mudah untuk digunakan,Positif,Positif,99.6,99.6,0.3,Sesuai
228,Asoko Nailiu,5,2026-09-11,untuk melakukan permohonan melalui aplikasi PLN mobile sangat mudah bisa melakukan pengaduan tambah daya bayar tagihan listrik pembelian token listrik,Positif,Positif,99.9,99.9,0.1,Sesuai
229,Yoyok Prajab,5,2026-09-11,"PLN mobile mantap! Yuk gaes instal sekarang di masing-masing gawainya. Banyak manfaatnya lho, dijamin tidak rugi. Tks PLN, tks Indonesia",Positif,Positif,100,100,0,Sesuai
230,Pendi Pauzi,5,2026-09-11,"Aplikasi yang sangat user- friendly, Informatif dan fleksibel, sangat Recommended sekali biar ngurusin masalah kelistrikan gak pakai ribet. Kalau ada kendala pengaduan lewat aplikasi juga sangat fast response Service pelanggannya maksimal. Aplikasi membatu, saat adanya gangguan listrik bisa langsung tracking dan cepat penanganan, juga informasi terbaru terkait pemadaman listrik, migrasi, tambah daya,tagihan pasang baru dsb. Tingkatkan terus aplikasinya, good job PLN mobile. .terbaikkkkkkk",Negatif,Positif,94.1,94.1,5.7,Sesuai
231,khairul anam,5,2026-09-11,sangat puas pelayanan petugasnya dan cepat🫡,Positif,Positif,99.2,99.2,0.7,Sesuai
232,Ismail,5,2026-09-11,"Selagi msh menggunakan listrik di rumah, wajib pelanggan mempunyai aplikasi PLN Mobile,dengan aplikasi ini dgn mudah kita mengaksesnya dan dgn respon cepat mengatasi permasalahan listrik di rumah,trimakasih PLN Mobile dgn solusi terbaiknya..",Positif,Positif,99.5,99.5,0.5,Sesuai
233,hasrul ashari,5,2026-09-11,aplikasi yang sangat membantu buat pelanggan,Positif,Positif,99.8,99.8,0.2,Sesuai
234,Ahmad Ahmad,5,2026-09-11,Bikin urusan listrik jadi simpel dan transparan.,Positif,Positif,98.9,98.9,1,Sesuai
235,Dza Bir,5,2026-09-11,"Aplikasinya ringan, menu gampang dipahami.",Positif,Positif,97.6,97.6,2.1,Sesuai
236,Yoni Raharja,5,2026-09-11,"PLN mobile mantap! Yuk gaes instal sekarang di masing-masing gawainya. Banyak manfaatnya lho, dijamin tidak rugi. Tks PLN, tks Indonesia",Positif,Positif,100,100,0,Sesuai
237,Feery sentosa,5,2026-09-11,Aplikasi yang sangat bagus dan banyak fitur nya,Positif,Positif,99.8,99.8,0.2,Sesuai
238,Yassa ysaa,5,2026-09-11,aplikasi pln mobile sangat membantu dan memudahkan saya dalam membayar tagihan listrik setiap bulan.prosesnya cepat dan mudah.saya sangat puas dengan pelayanan pln mobile.fitur fitur yang di sediakan sangat lengkap dan mudah di gunakan.,Positif,Positif,99.9,99.9,0,Sesuai
239,Elin Awalinda,5,2026-09-11,"pln mobile bkin segala urusan listrik ,,smkin mudah di akses sampai k desa"""" terpencil !!",Positif,Positif,99.1,99.1,0.8,Sesuai
240,Alayya Rifqoh,5,2026-09-11,"apk bagus, sgt membantu keluhan konsumen",Positif,Positif,99,99,0.9,Sesuai
241,Geo Restina,5,2026-09-11,"PLN mobile mantap! Yuk gaes instal sekarang di masing-masing gawainya. Banyak manfaatnya lho, dijamin tidak rugi. Tks PLN, tks Indonesia",Positif,Positif,100,100,0,Sesuai
242,Ahmad Rivai,5,2026-09-11,mantap,Positif,Positif,99.7,99.7,0.2,Sesuai
243,Ambros Paso,5,2026-09-11,apk PLN mobile sangat membantu dalam pelaporan gangguan listrik,Positif,Positif,100,100,0,Sesuai
244,Siti Lutfiya,5,2026-09-11,"membantu bangett,worth it buat bayar listrik dll",Positif,Positif,98.8,98.8,1.1,Sesuai
245,Dion Naee,5,2026-09-11,aplikasi PLN mobile bisa melakukan permohonan tambah daya bayar tagihan listrik pasang baru,Positif,Positif,99.9,99.9,0.1,Sesuai
246,Pajri Apandi,5,2026-09-11,pln mobile sagat mantap bisa mempermudah pelayanan bagi pelanggan,Positif,Positif,99.7,99.7,0.3,Sesuai
247,roni _25,5,2026-09-11,"Respon nya cepet, petugas nya juga baik-baik",Positif,Positif,97.9,97.9,1.9,Sesuai
248,Basma Wati,5,2026-09-11,Aplikasi Pln mobile Ini Berjalan Baik dan pelayaannya Baik terimakasih,Positif,Positif,99.6,99.6,0.4,Sesuai
249,Haji Ridwanto,5,2026-09-11,"PLN mobile mantap! Yuk gaes instal sekarang di masing-masing gawainya. Banyak manfaatnya lho, dijamin tidak rugi. Tks PLN, tks Indonesia",Positif,Positif,100,100,0,Sesuai
250,Bailul Aufa,5,2026-09-11,"Banyak fitur nya, mudah di fahami, sangat terbantu dengan aplikasi ini, terbaik PLN mobile, semakin banyak fitur menarik lain nya",Positif,Positif,99.8,99.8,0.2,Sesuai
251,nofry yseph,5,2026-09-11,sangat penting dengan aplikasi pln mobile bisa melakukan permohonan tambah daya bayar tagihan listrik pembelian token listrik,Positif,Positif,99.9,99.9,0.1,Sesuai
252,Hendra M,5,2026-09-11,"Aplikasi yang sangat membantu urusan kelistrikan masyarakat, Maju terus PLN, untuk kesejahteraan pelanggan...",Positif,Positif,99.5,99.5,0.5,Sesuai
253,Naura Nadhifa,5,2026-09-11,sangat membantu dalam melaporkan masalah,Positif,Positif,99.8,99.8,0.2,Sesuai
254,Hj Dinare,5,2026-09-11,"Aplikasi terbaik untuk urusan listrik, recommended!",Positif,Positif,99.3,99.3,0.6,Sesuai
255,Zainul Arifin (Zain),5,2026-09-11,tambah mantap jika aplikasi ini bisa cek sisa token atau sisa kwh dari aplikasi ini,Positif,Positif,98.7,98.7,1.2,Sesuai
256,Berlian Berlian,5,2026-09-11,Fitur catat meter mandiri sangat praktis.,Positif,Positif,98.2,98.2,1.6,Sesuai
257,ramadhan teja kusuma,5,2026-09-11,"tampilan aplikasi sudah lebih memudahkan, menarik, dan terlihat modern.",Positif,Positif,98.3,98.3,1.5,Sesuai
258,Gusty 12,5,2026-09-11,makin mudah dengan aplikasi pln mobile bisa melakukan permohonan pasang baru tambah daya bayar tagihan listrik pembelian token listrik,Positif,Positif,100,100,0,Sesuai
259,Lita Wika,5,2026-09-11,"mudah digunakan, PLN nya tanggap aduan",Positif,Positif,99.7,99.7,0.3,Sesuai
260,tegar wiratama,5,2026-09-11,Aplikasi PLN Mobile sangat membantu. Pembelian token listrik jadi lebih cepat dan praktis tanpa harus keluar rumah.,Positif,Positif,99.9,99.9,0.1,Sesuai
261,Hendri Mardi,5,2026-09-11,cepat tanggap kalau soal laporan,Positif,Positif,99.1,99.1,0.8,Sesuai
262,Luky Ariyanto,1,2026-09-11,aplikasi busuk sampah pilih lokasi tidak bisa gagal memuat terus percuma buat aplikasi g guna,Negatif,Negatif,90,10,90,Sesuai
263,Engkus Kusnandar,5,2026-09-11,"Praktis ,cepat dan Mudah di gunakan",Positif,Positif,99.9,99.9,0.1,Sesuai
264,Alfridus Meo,5,2026-09-11,adanya aplikasi pln mobile sangatlah mudah buat pengaduan penyambungan sementara pembelian token listrik,Positif,Positif,99.9,99.9,0.1,Sesuai
265,Rosmida Rosmida,5,2026-09-11,aplikasinya sangat bagus mempermudah pelanngan melakukan pembayaran listrik dan harganya sangat murah,Positif,Positif,99.4,99.4,0.5,Sesuai
266,Eva Agustin,5,2026-09-11,pelayanan sangat bagus terimaksih 🙏,Positif,Positif,99.6,99.6,0.4,Sesuai
267,M Safii Koto,5,2026-09-11,oke ni aplikasinya,Positif,Positif,98.8,98.8,1.1,Sesuai
268,Ridha Muhpi,5,2026-09-11,"PLN nambah fitur: rating kepuasan CSAT & NPS di layanan pengaduan, UI Home Charging lebih informatif, dan chat otomatis untuk CTT 5805",Positif,Positif,95.8,95.8,3.8,Sesuai
269,Kasiman Kasiman,5,2026-09-11,sangat baik,Positif,Positif,99.7,99.7,0.2,Sesuai
270,Hery Saputra,5,2026-09-11,pln mobile sangat membantu,Positif,Positif,100,100,0,Sesuai
271,gimin aldo,5,2026-09-11,mantap mas brow,Positif,Positif,98.6,98.6,1.3,Sesuai
272,Atta Rifat,5,2026-09-11,"pelayanan pln sangat baik, dan aplikasi nya sangat mudah di gunakan",Positif,Positif,99.9,99.9,0.1,Sesuai
273,Aljair,5,2026-09-11,sangat ok,Positif,Positif,95,95,5,Sesuai
274,Bumi Dian,5,2026-09-11,pln mobil aplikasi bagus,Positif,Positif,99.6,99.6,0.3,Sesuai
275,Kahar Arizki,5,2026-09-11,sangat recomendasi dan respon sangat baik,Positif,Positif,99,99,0.9,Sesuai
276,Albir Bagusman,5,2026-09-11,aplikasinya sangat membantu dan mudah d akses tentang listrik,Positif,Positif,99.9,99.9,0.1,Sesuai
277,Kamilia,5,2026-09-11,Aplikasi yang mempermudah pelanggan dan bagus,Positif,Positif,99.5,99.5,0.4,Sesuai
278,Nur KunFayakun,5,2026-09-11,Sangat membantu semua permasalahan listrik 👍👍,Positif,Positif,99.9,99.9,0.1,Sesuai
279,Domi Leki,5,2026-09-11,aplikasi sangat mudah dan membantu ketika ada masalah listrik dgn apl ini semua makin mudah dan cepat pelayanan dari pln,Positif,Positif,99.9,99.9,0.1,Sesuai
280,Erick Erdhy,5,2026-09-11,"aplikasinya sangat membantu,isi token bisa laporgangguan bisa dan gangguannya cepat teratasi fitur fiturnyapun makin lengkap",Positif,Positif,99.3,99.3,0.6,Sesuai
281,Soporno,5,2026-09-11,"oke banget, fiturnya komplit",Positif,Positif,98.2,98.2,1.6,Sesuai
282,Ahmad Farhan,5,2026-09-11,sangat mudah akses pelaporan nya,Positif,Positif,99.3,99.3,0.7,Sesuai
283,Alga Alga,5,2026-09-11,"Saya pakai PLN Mobile untuk dua rumah sekaligus, dan semuanya bisa dikelola dalam satu akun. Sangat efisien dan praktis. Tidak ada lagi kejadian lupa bayar atau kehabisan token karena ada fitur pengingat otomatis dan histori penggunaan yang sangat jelas.",Positif,Positif,96.8,96.8,2.8,Sesuai
284,Adrianho Bere,5,2026-09-11,aplikasi sangat mudah dan membantu ketika ada masalah listrik dgn apl ini semua makin mudah dan cepat pelayanan dari pln,Positif,Positif,99.9,99.9,0.1,Sesuai
285,Eri Ardiansyah,5,2026-09-11,Jaman telah berubah. Tehnologi Makin Canggih. Dgn Mengguna 1 Aplikasi PLN Mobile. Semua Kebutuh Kelistrikan Bisa Terpenuhi.,Positif,Positif,99,99,0.9,Sesuai
286,Rendi Rahatman,5,2026-09-11,"PLN mobile mantap! Yuk gaes instal sekarang di masing-masing gawainya. Banyak manfaatnya lho, dijamin tidak rugi. Tks PLN, tks Indonesia",Positif,Positif,100,100,0,Sesuai
287,Muhaemin 79,5,2026-09-11,"Apk.Bagu,terpercaya,cek tagihan mudah",Positif,Positif,98.9,98.9,1,Sesuai
288,Mutakin Busana,5,2026-09-11,sagat bagus dan cepat,Positif,Positif,99.6,99.6,0.4,Sesuai
289,Nur Nurhayati,5,2026-09-11,"Desain aplikasinya elegan dan simpel. Semua fitur bekerja sesuai harapan. Bahkan saat saya lapor gangguan, respon dari tim PLN sangat cepat. Ini membuktikan bahwa digitalisasi layanan benar-benar berdampak nyata bagi kenyamanan pelanggan. Lanjutkan PLN!",Positif,Positif,96.9,96.9,2.8,Sesuai
290,Turi Putih,5,2026-09-11,"PLN mobile mantap! Yuk gaes instal sekarang di masing-masing gawainya. Banyak manfaatnya lho, dijamin tidak rugi. Tks PLN, tks Indonesia",Positif,Positif,100,100,0,Sesuai
291,NENSI Family,5,2026-09-11,aplikasi ini memudahkan saya utk mengetahui infomasi ttg PLN.,Positif,Positif,98.7,98.7,1.2,Sesuai
292,MAS Andi,5,2026-09-11,APK INI WAJIB PUNYA BAGI PELANGGAN PLN KARNA BYk FITUR-FITUR YG BELUM BANYAK ORANG KETAHUI,Positif,Positif,97.7,97.7,2,Sesuai
293,Sutrisno 0101,5,2026-09-11,pln membantu,Positif,Positif,99.5,99.5,0.4,Sesuai
294,Sikarya Murri,5,2026-09-11,terima kasih utk layanan pln selama ini sangat mudah dan terpercaya,Positif,Positif,99.7,99.7,0.3,Sesuai
295,Soleh Budi nurdiansyah,5,2026-09-11,pln mobile ok,Positif,Positif,99.9,99.9,0.1,Sesuai
296,Nazua Maulidia,5,2026-09-11,pln Pacet sejuk,Positif,Positif,98.3,98.3,1.5,Sesuai
297,Yudha Adi,5,2026-09-11,terimakasi,Positif,Positif,98.3,98.3,1.5,Sesuai
298,Agus Priyatno,5,2026-09-11,"terimakasih utk fiktur terbaru aplikasi PLN mobile nya,, keren mantap",Positif,Positif,99.4,99.4,0.5,Sesuai
299,Gobed 683,5,2026-09-11,Terimakasih Pln.,Positif,Positif,99.7,99.7,0.3,Sesuai
300,Fahri Jal,5,2026-09-11,lebih mudah untuk pengaduan dan pasang baru sangat bagus pelayanan,Positif,Positif,99.7,99.7,0.2,Sesuai
301,rahmad hidayat,5,2026-09-11,"memuaskan, cepat tanggap dan sigap.",Positif,Positif,99,99,0.9,Sesuai
302,Kiara Zulaikha ahmad,5,2026-09-11,mudah dan cepat pelayanannya,Positif,Positif,99.8,99.8,0.1,Sesuai
303,Zaen Rahadi,5,2026-09-11,"PLN mobile mantap! Yuk gaes instal sekarang di masing-masing gawainya. Banyak manfaatnya lho, dijamin tidak rugi. Tks PLN, tks Indonesia",Positif,Positif,100,100,0,Sesuai
304,Fathiin Muhammad fathiin,5,2026-09-11,"Praktis, cepat, mudah. Semua urusan listrik selesai dari HP. Mantap PLN Mobile!",Positif,Positif,99.8,99.8,0.2,Sesuai
305,Aflani Lhj,5,2026-09-11,Dengan apk pln mobile tambah daya tidak perlu ke kantor lagi,Positif,Positif,99.7,99.7,0.3,Sesuai
306,Syafruddin Syafruddin,5,2026-09-11,Aplikasi PLN mobile memang beda sangat mudah di gunakan dan fiturnya sangat bagus...,Positif,Positif,99.8,99.8,0.2,Sesuai
307,Akmal Profit,5,2026-09-11,PLN Banjaran mantap terus,Positif,Positif,99,99,0.9,Sesuai
308,Pipit Sri Purwanti,5,2026-09-11,mantap bermanfaat sekali,Positif,Positif,99.5,99.5,0.5,Sesuai
309,cctv anak sikayu,5,2026-09-11,pln mobile hebat,Positif,Positif,99.4,99.4,0.6,Sesuai
310,asri nurjaman,5,2026-09-11,PLN Mobile sangat sangat membantu dan memudahkan saat melakukan pembayaran.,Positif,Positif,99.9,99.9,0.1,Sesuai
311,Saikul Ulum,5,2026-09-11,terimakasih bpk sdh diperbaiki keluhan saya🙏,Positif,Positif,98.7,98.7,1.2,Sesuai
312,Muhibbulshabri Muhib,5,2026-09-11,"sekarang mah mau apa aja mah dah mudah smua tentu nya di pln mobile ,tambahdaya dan melpor gangguan jga bsa,dan ada promo2 nya ini yg menarik banget",Positif,Positif,95.7,95.7,3.9,Sesuai
313,said affan,5,2026-09-11,PLN mobile adalah aplikasi yang sangat mudah & sangat mantap dalam urusan kelistrikan,Positif,Positif,99.8,99.8,0.2,Sesuai
314,Muhammad Ridwan,5,2026-09-11,"Sangat memuaskan,dalam pelayanan pln,terimaksih pln",Positif,Positif,99.3,99.3,0.6,Sesuai
315,d h,5,2026-09-11,rubah daya mdh,Positif,Positif,99.2,99.2,0.7,Sesuai
316,_jwa zaheera,5,2026-09-11,"PLN mobile sangat membantu aplikasi nya bagus, aman, cepet dan mudah digunakan tidak perlu ke Kantor lagi☺️",Positif,Positif,99.8,99.8,0.2,Sesuai
317,Ni Zar,5,2026-09-11,"pln mobile terbaik dan mudah saat di akses, terbaik bgt bgt bgt👍👍",Positif,Positif,99.8,99.8,0.2,Sesuai
318,Apri Bud,5,2026-09-11,aplikasinya baguss sekalii,Positif,Positif,97.8,97.8,1.9,Sesuai
319,adel thin,5,2026-09-11,apk sangat berguna di saat ada gangguan listrik,Positif,Positif,99.8,99.8,0.2,Sesuai
320,ABDI ZAKARIA,5,2026-09-11,mantap aplikasi nya,Positif,Positif,99.5,99.5,0.5,Sesuai
321,Yoga Waisnawa,5,2026-09-11,PLN SEMAKIN DI DEPAN 👍👍,Positif,Positif,99.8,99.8,0.2,Sesuai
322,Rosid Pln,5,2026-09-11,PLN mobile ok,Positif,Positif,99.9,99.9,0.1,Sesuai
323,Abdul Mukti,5,2026-09-11,aplilasi pln mobile sangat membantu untuk layanan tambah daya,Positif,Positif,99.8,99.8,0.2,Sesuai
324,Onang Suryana,5,2026-09-11,mantap pln mobile,Positif,Positif,99.8,99.8,0.2,Sesuai
325,Irpan Hilmi,5,2026-09-11,sangat bermanfaat sekali,Positif,Positif,99.3,99.3,0.6,Sesuai
326,Saman Bin Sanan,5,2026-09-11,mantap layanay pln nya,Positif,Positif,99.1,99.1,0.8,Sesuai
327,Asep Aliyana,5,2026-09-11,aplikasi ini sangat membantu,Positif,Positif,99.9,99.9,0.1,Sesuai
328,Black Wabel,5,2026-09-11,Tolong perbaiki masalah direct pembayaran.,Positif,Positif,98.7,98.7,1.2,Sesuai
329,Koir86 Koir86,5,2026-09-11,respon cepat dan tanggap,Positif,Positif,99.7,99.7,0.3,Sesuai
330,Rahma Zahra,5,2026-09-11,aplikasi in sangat membantu,Positif,Positif,99.9,99.9,0.1,Sesuai
331,Rezky Maulana,5,2026-09-11,PLN mobille mantap,Positif,Positif,99.2,99.2,0.8,Sesuai
332,Andi Aan,5,2026-09-11,bagus... makin banyak fitur nya...,Positif,Positif,99.6,99.6,0.4,Sesuai
333,Ahmad Alexis,5,2026-09-11,mantap,Positif,Positif,99.7,99.7,0.2,Sesuai
334,Heri Azzerry,5,2026-09-11,"sangat bermanfaat dan sangat mudah digunakan bagi masyarakat Indonesia sekarang,tidak perlu kekantor pelayanan lagi semenjak ada aplikasi PLN mobile.",Positif,Positif,99.8,99.8,0.2,Sesuai
335,Nindya Nindy,5,2026-09-11,aplikasi ysng simple dan membantu dslam pemasangan pln,Positif,Positif,98.4,98.4,1.4,Sesuai
336,Razim Rafel,5,2026-09-11,pln ok.pln mobil bisa untuk listrik,Positif,Positif,99.6,99.6,0.4,Sesuai
337,Zawil Khairi,5,2026-09-11,listrik padam bisa melapor kan ke petugas,Positif,Positif,99.3,99.3,0.6,Sesuai
338,Dani Kusumah Wardani,5,2026-09-11,Aplikasi mempermudah,Positif,Positif,99.4,99.4,0.6,Sesuai
339,Suherman Nazir,5,2026-09-11,Pelanggan semakin mudah dengan ada nya Aplikasi PLN Mobile...,Positif,Positif,99.9,99.9,0.1,Sesuai
340,sutrisno,5,2026-09-11,Pelayanan dari customer service memuaskan dan pelayanannya cepat trikasih PLN,Positif,Positif,98.9,98.9,1,Sesuai
341,Yuli Febrianti,5,2026-09-11,aplikasi in sangat bagus,Positif,Positif,99.8,99.8,0.2,Sesuai
342,Mutiara Cell,5,2026-09-11,pln mobile sangat baik dan cepat respon pada saat pengaduan,Positif,Positif,99.8,99.8,0.1,Sesuai
343,Edy Dedy,5,2026-09-11,mantap,Positif,Positif,99.7,99.7,0.2,Sesuai
344,Filmon Liunokas,5,2026-09-11,dgn pln mobile semua laporan semakin mudah dan cepat,Positif,Positif,99.9,99.9,0.1,Sesuai
345,anggy prayoga,5,2026-09-11,tampilannya semakin oke,Positif,Positif,99.1,99.1,0.8,Sesuai
346,Siti Eva Marlina,5,2026-09-11,responsif 👍🏻👍🏻,Positif,Positif,99.5,99.5,0.4,Sesuai
347,Elang,5,2026-09-11,"pengalaman menggunakan pln mobile, nyaman, fitur fiturnya simpel, proses cepat dan lengkap makin suka deh☺️💯",Positif,Positif,99.5,99.5,0.4,Sesuai
348,Angga Pratama,5,2026-09-11,"Alhamdulillah...Aplikasi PLN Mobile sekarang fiturnya sudah sangat lengkap, untuk pembayaran rekening dan pembelian token juga sudah banyak pilihan provider.",Positif,Positif,99.1,99.1,0.8,Sesuai
349,Killa,5,2026-09-11,"pengalaman menggunakan pln mobile, nyaman, fitur fiturnya simpel, proses cepat dan lengkap makin suka deh☺️💯",Positif,Positif,99.5,99.5,0.4,Sesuai
350,jennifer,5,2026-09-11,Integrasi dengan berbagai dompet digital membuat pembelian stroom token hanya butuh beberapa kali klik saja.,Positif,Positif,96,96,3.6,Sesuai
351,NickyLetmau Letmau,5,2026-09-11,aplikasi sangat membantu untuk membuat pengaduan gangguan,Positif,Positif,99.7,99.7,0.3,Sesuai
352,siti eva marlina situngkir,5,2026-09-11,untuk gangguan listrik berharap cepat penanganannya,Positif,Positif,99,99,0.9,Sesuai
353,ita,5,2026-09-11,terbaikk,Positif,Positif,98.1,98.1,1.7,Sesuai
354,Tito,5,2026-09-11,"aplikasi yang bermanfaat, terutama untik lapor gangguan dan cek tagihan. mantap 👏",Positif,Positif,99.4,99.4,0.5,Sesuai
355,Anwar Evendi,5,2026-09-11,Aplikasi wajib punya untuk pelanggan pln.fitur beli token masuk nya lebih cepat.pengaduan gangguan dan pemadaman juga di reapon cepat sama petugas.sukses terus untuk pln mobile,Positif,Positif,98.9,98.9,1,Sesuai
356,Muhammad Rais,5,2026-09-11,aplikasi fitur canggih anti lelet dan ribet.,Negatif,Positif,85.7,85.7,13.7,Sesuai
357,Tatang Supriatna,5,2026-09-11,pelayanan mantap,Positif,Positif,99.6,99.6,0.4,Sesuai
358,Sonma Windra,5,2026-09-11,mempermudah pelayanan,Positif,Positif,99.6,99.6,0.4,Sesuai
359,Frieska Yulia,5,2026-09-11,fitur swacam lebih mudah buat cek tagihan listrik,Positif,Positif,99.7,99.7,0.3,Sesuai
360,Afifur Rohman,5,2026-09-11,terimakasih PLN mobile sudah banyak membantu🙏.,Positif,Positif,99.6,99.6,0.4,Sesuai
361,Saifullah Nurly,5,2026-09-11,"Dengan aplikasi PLN mobile semuanya jadi mudah. lapor gangguan di sekitar kita,pembayaran rekening, beli token dll",Positif,Positif,99.8,99.8,0.2,Sesuai
362,Bambang Dwiraharjo,5,2026-09-11,migrasi mudah,Positif,Positif,99,99,0.9,Sesuai
363,Zonny Dotulong,5,2026-09-11,pelayanan sangat bagus,Positif,Positif,99.9,99.9,0.1,Sesuai
364,Siti Sumarni,1,2026-09-11,"PLN ULP Muara Enim tidak menyelesaikan laporan pelanggan.Desa Arahan, Kampung 4, Merapi Timur, Kabupaten Lahat. Kami sebagai masyarakat sangat kecewa dengan pelayanan PLN ULP Muara Enim. Padahal sudah berhari-hari listrik masyarakat tidak stabil sehingga menimbulkan kerusakan pada alat-alat elektronik seperti AC tidak dingin, Freezer Kulkas mencair, Mesin Air minim tekanan, Lampu kadang berkedip kadang agak redup, dan sebagainya. Mohon tindakannya segera mungkin.",Negatif,Negatif,90,10,90,Sesuai
365,Pengguna Google,5,2026-09-11,sangat membantu,Positif,Positif,99.9,99.9,0.1,Sesuai
366,Dya islmyh 05,5,2026-09-11,TERIMAKASIH APK PLN mobile SANGAT MEMBANTU SEKALI,Positif,Positif,99.9,99.9,0,Sesuai
367,sukma dariansyah,5,2026-09-11,sangat membantu saya dalam pernphonan pasang baru pln,Positif,Positif,99.6,99.6,0.4,Sesuai
368,Madu Assyifa,5,2026-09-11,gas,Positif,Positif,98.1,98.1,1.7,Sesuai
369,Muhammad Fazil,5,2026-09-11,Sangat membantu sekali adanya aplikasi ini... Terimakasih..,Positif,Positif,99.8,99.8,0.2,Sesuai
370,nurmamy,5,2026-09-11,PLNMobile makin di depan,Positif,Positif,99,99,0.9,Sesuai
371,Mhd Muchlis Amri,5,2026-09-11,pelayanan nya cepat dan mantap🗿,Positif,Positif,99.7,99.7,0.3,Sesuai
372,Wiwik Munawaroh,5,2026-09-11,respon yang tanggap,Positif,Positif,99,99,0.9,Sesuai
373,Gio Gio,5,2026-09-11,Beli pulsa lebih mudah mulai 5ribu saja,Positif,Positif,98.7,98.7,1.2,Sesuai
374,Salim Widodo,5,2026-09-11,"Aplikasi sangat membantu, terutama untuk cek riwayat penggunaan listrik. Tidak perlu repot antre lagi, cukup lewat aplikasi sudah beres semua 🙏🏼",Positif,Positif,98.9,98.9,1,Sesuai
375,Rafael Heriyanto,5,2026-09-11,sangat membantu pembayaran listrik lewat aplikasi pln mobile,Positif,Positif,99.9,99.9,0.1,Sesuai
376,Mariam Dotulung,5,2026-09-11,aplikasi bagus,Positif,Positif,99.5,99.5,0.5,Sesuai
377,Maulana Zizou,5,2026-09-11,"PLN Mobile semakin membuat pelanggan menjadi mudah menggunakannya, banyak fitur menarik seperti pembelian token, bayar listrik, pemberitahuan pemadaman serta fitur lain nya yg membuat semua hal terkait PLN menjadi mudah. Semua dalam genggaman, aplikasi sangat membantu memudahkan urusan kelistrikan",Positif,Positif,99.7,99.7,0.3,Sesuai
378,Rido,5,2026-09-11,sangat detail,Positif,Positif,97.9,97.9,1.9,Sesuai
379,Maikel,5,2026-09-11,sangat berguna dan bermanfaat,Positif,Positif,99.4,99.4,0.6,Sesuai
380,Aminah Muhidin,5,2026-09-11,aplikasinya membantu saya kl mau beli token praktis,Positif,Positif,99.7,99.7,0.3,Sesuai
381,M YANIS R,5,2026-09-11,"aplikasi yang sangat bagus ,,sangat memudah untuk bertransaksi ,semoga tambah jaya dan sangat bermanfaat dan untuk pasang baru dan tambah daya sangat mudah ,semoga makin jaya ,tks",Positif,Positif,99.8,99.8,0.2,Sesuai
382,Meyce,5,2026-09-11,PLN mobile terbaik👍🏼,Positif,Positif,99.9,99.9,0.1,Sesuai
383,Fahri,5,2026-09-11,bagus,Positif,Positif,99.7,99.7,0.3,Sesuai
384,Oksa Fira,5,2026-09-11,okee aplikasinya semua ada,Positif,Positif,98.6,98.6,1.3,Sesuai
385,Terpuk Gayo,5,2026-09-11,aplikasi yg sangat bermanfaat bagi pelanggan karna mudah mendapat segala informasi tentang kelistrikan,Positif,Positif,99.6,99.6,0.4,Sesuai
386,Fa Rel,5,2026-09-11,bavus,Positif,Positif,98.1,98.1,1.7,Sesuai
387,Charissa,5,2026-09-11,PLN mobile sangat membantu dan memudahkan pelanggan dalam mengakses berbagai layanan pln,Positif,Positif,99.9,99.9,0.1,Sesuai
388,Munawaroh,5,2026-09-11,sangat membantu,Positif,Positif,99.9,99.9,0.1,Sesuai
389,Hirs Setiani,5,2026-09-11,"Pelayanan PLN makin maju dengan adanya PLN Mobile. Semua jadi serba online, prosesnya cepat, dan transparan. Semoga ke depan terus ditingkatkan lagi fiturnya, banyakin promonya yah !.",Positif,Positif,99.3,99.3,0.6,Sesuai
390,Play Store,5,2026-09-11,pln mobile sangat bagus.,Positif,Positif,100,100,0,Sesuai
391,K3A_Ariska Auliana Dewi_108,5,2026-09-11,"Aplikasi ini sangat memudahkan pelanggan dalam mengakses berbagai layanan PLN. Fitur lengkap, mudah digunakan dan prosesnya cepat. Semoga kedepannya semakin baik",Positif,Positif,99.9,99.9,0.1,Sesuai
392,Husaini saini,5,2026-09-11,"pln mobile mantap sangat memudahkan dalam segala hal, fitur nya sangat membantu masyarakat pada umumnya, terimakasih pln mobile...",Positif,Positif,99.8,99.8,0.1,Sesuai
393,Sasuke Uchiha,5,2026-09-11,sangat bagus,Positif,Positif,99.8,99.8,0.2,Sesuai
394,R rahmaddona,5,2026-09-11,Aplikasi yang Best of the best.. terimakasih kepada PLN yang tetap setia menerangi negeri ini.,Positif,Positif,98,98,1.8,Sesuai
395,Sarah Farsuna,5,2026-09-11,"PLN Mobile sangat membantu dan memudahkan kebutuhan pelanggan. Mulai dari pembelian token listrik, pembayaran tagihan, cek penggunaan listrik, pengajuan pasang baru maupun tambah daya, hingga pelaporan gangguan semuanya bisa dilakukan dengan mudah dalam satu aplikasi. Tampilannya cukup sederhana, prosesnya cepat, dan informasi yang diberikan juga jelas. Sangat praktis karena tidak perlu datang langsung ke kantor PLN untuk berbagai keperluan.",Positif,Positif,99.8,99.8,0.2,Sesuai
396,Fatimah,5,2026-09-11,PLN mobile sangat mudah digunakan dan sangat membantu,Positif,Positif,100,100,0,Sesuai
397,Manto Manto,5,2026-09-11,"pln mobile terbaik, z suka dengan aplikasi ini, sangat membantu dalam pembelian token listrik lewat aplikasi pln mobile. tampa harus z ke loket lagi",Positif,Positif,99.9,99.9,0.1,Sesuai
398,Pengguna Google,5,2026-09-11,aplikasi pln mobile ini sangat memudahkan saya mengakses layanan kelistrikan seperti membayar listrik atau mengadu ketika ada gangguan,Positif,Positif,99.8,99.8,0.1,Sesuai
399,M Rusik,5,2026-09-11,mudah dan cepat.,Positif,Positif,99.8,99.8,0.2,Sesuai
400,Taufiq Moch,5,2026-09-11,ramah dan cepat,Positif,Positif,99.4,99.4,0.5,Sesuai
401,Shol Eh02,5,2026-09-11,sangat membantu,Positif,Positif,99.9,99.9,0.1,Sesuai
402,Risal Gunawan,5,2026-09-11,Melaporkan gangguan listrik atau padam dengan fitur pelacakan proses penanganan secara realtime,Positif,Positif,99.4,99.4,0.5,Sesuai
403,Ansel mila,5,2026-09-11,aplikasi ini sangat membantu kami pelanggan.senakin dipermudah dan cepat direspon pengaduan dari kami,Positif,Positif,100,100,0,Sesuai
404,zafran pratama Bariq,5,2026-09-11,apk ini sangat bagus.,Positif,Positif,99.9,99.9,0.1,Sesuai
405,Taufik Alhuda,5,2026-09-11,Aplikasi super yang membawa kemudahan dan kecepatan layanan kepada pelanggan PLN. Jeroh pedeh berijin PLN.,Positif,Positif,99.8,99.8,0.1,Sesuai
406,bilman bjn,5,2026-09-11,"tampilan setelah pembaharuan makin menarik. fitur2 nya memudahkan pelanggan untuk menyesuikan kebutuhan diaplikasinya baik pembelian token, pembayaran rekening atau saat pengaduan gangguan",Positif,Positif,99.7,99.7,0.3,Sesuai
407,okii,5,2026-09-11,"Pengguna dapat membeli token listrik, membayar tagihan, mengajukan pasang baru atau tambah daya, melaporkan gangguan, hingga melakukan pencatatan meter mandiri (SwaCAM) dalam satu aplikasi.",Positif,Positif,99.7,99.7,0.3,Sesuai
408,Dewi Layli,5,2026-09-11,Cepat tanggap banget petugasnya ❤️❤️,Positif,Positif,99.6,99.6,0.4,Sesuai
409,Mama Alifa,1,2026-09-11,sangat kecewa PLN muara Enim tidak menindak lanjuti laporan masalah masyarakat dengan cepat di desa arahan kampung 4 sudah 3 hari mengalami spaning,Negatif,Positif,95.3,95.3,4.4,💡 Bintang 1-2 tapi Prediksi ML Positif (Pujian / Salah Klik)
410,Vigo Papel,5,2026-09-11,PLN Mobile buat semua menjadi mudah dengan fitur yang lengkap,Positif,Positif,99.4,99.4,0.5,Sesuai
411,Muhammad Nurkamal,5,2026-09-11,Dengan adanya aplikasi ini saya sangat terbantu,Positif,Positif,99.7,99.7,0.2,Sesuai
412,SATRIA BAYU SAKTI,5,2026-09-11,terimakasih padam langsung datang . jum'at 11 sep 26,Positif,Positif,98.9,98.9,1,Sesuai
413,Mvi Novi,5,2026-09-11,"sangat mudah untuk transaksi pembayaran listrik mantap,",Positif,Positif,99.8,99.8,0.2,Sesuai
414,Dika Andika,5,2026-09-11,Nice,Positif,Positif,97.5,97.5,2.3,Sesuai
415,Didin Babelan,5,2026-09-11,"makasih pln mobile,segala transaksi lebih mudah",Positif,Positif,99.6,99.6,0.4,Sesuai
416,Ali Akbar,5,2026-09-11,sangat puas dengan aplikasi PLN mobile❤,Positif,Positif,99.8,99.8,0.2,Sesuai
417,Fikar Odenk,5,2026-09-11,mantap,Positif,Positif,99.7,99.7,0.2,Sesuai
418,Nur Jani,5,2026-09-11,PLN mobile mudah untuk urusan kelistrikan. banyak fitur-fiturnya,Positif,Positif,99.7,99.7,0.3,Sesuai
419,khalil alwajir,5,2026-09-11,"aplikasi yg sangat mudah dr pln utk pelanggan, sangat mudah skrg utk lapor keluhan dan gangguan dan aplikasi nya sudah byk fitur2 dan byk voucer diskon dan promonya",Positif,Positif,99.7,99.7,0.3,Sesuai
420,Tika Lestari,5,2026-09-11,pln ok,Positif,Positif,99.8,99.8,0.2,Sesuai
421,Alit Desak,5,2026-09-11,Aplikasi nya sangat membantu untuk proses pengaduan listrik,Positif,Positif,99.6,99.6,0.4,Sesuai
422,EDI SAPUTRA,5,2026-09-11,sangat membantu pelanggan dalam hal pembayaran tagihan listrik PLN,Positif,Positif,99.9,99.9,0.1,Sesuai
423,Niar Saja,5,2026-09-11,nggak ribet aplikasinya mudah dipahamii,Negatif,Positif,97.4,97.4,2.5,Sesuai
424,lilis budiantari,5,2026-09-11,dengan adanya aplikasi PLN Mobile sangat memudahkan kita untuk mendapatkan informasi atas kendala atau masalah kelistrikan.,Positif,Positif,99.9,99.9,0.1,Sesuai
425,Rizky yuswadi,5,2026-09-11,"aplikasinya sangat membantu sekali, mantap x bahh..",Positif,Positif,99.8,99.8,0.2,Sesuai
426,Muhammad Erwin,5,2026-09-11,sangat membantu pelanggan👍🙏,Positif,Positif,99.8,99.8,0.2,Sesuai
427,Ngurah Gede Valentino Putra,5,2026-09-11,pln mobile mantap,Positif,Positif,99.9,99.9,0.1,Sesuai
428,Tirza Amseke,5,2026-09-11,apk PLN mobile sangat membantu dalam pelaporan gangguan listrik,Positif,Positif,100,100,0,Sesuai
429,Fairuz alfa Riansyah,5,2026-09-11,"adalah aplikasi resmi dari PLN untuk semua kebutuhan listrik kamu. - Bayar tagihan listrik & beli token PLN kapan saja - Pantau pemakaian listrik bulanan secara real-time - Lapor listrik padam, korslet, atau masalah lain langsung ke petugas - Ajukan pasang listrik baru tanpa ke kantor PLN - Info pemadaman, promo, dan info penting lainnya",Positif,Positif,99.7,99.7,0.2,Sesuai
430,ULC16 Bjg,5,2026-09-11,terimaksih pak pelayanan nya 🤗,Positif,Positif,98.9,98.9,1,Sesuai
431,faisal,5,2026-09-11,"pln skrg semakin mudah untuk mendapatkan informasi & pengaduan seputar listrik, melalui aplikasi pln mobile.thanks pln",Positif,Positif,99.9,99.9,0.1,Sesuai
432,Ady Yahya,5,2026-09-11,Daftar pasang baru bayar listrik jadi mudah sekali..,Positif,Positif,99.8,99.8,0.2,Sesuai
433,Sumiyem Miyem,5,2026-09-11,fitur lengkap dan respon laporan cukup cepat,Positif,Positif,99.2,99.2,0.8,Sesuai
434,Shanumresa Resahanum,5,2026-09-11,sangat sangat membantu saat listrik mati,Positif,Positif,99.2,99.2,0.7,Sesuai
435,Ridiya 005,5,2026-09-11,sanagat gercep,Positif,Positif,96.9,96.9,2.8,Sesuai
436,Lasada Lasada,5,2026-09-11,PLN Mobile keren sangat membantu,Positif,Positif,100,100,0,Sesuai
437,Didik Setio Anggono,5,2026-09-11,"Pelayanan Cepat, & Baik untuk pelanggan",Positif,Positif,99.6,99.6,0.3,Sesuai
438,Muhamad Khabib,5,2026-09-11,aplikasi pln mobile sangat mudah dan membantu,Positif,Positif,100,100,0,Sesuai
439,Khairul Amri,5,2026-09-11,"Mantap, mantap, mantap, sangat mantap..",Positif,Positif,99.6,99.6,0.4,Sesuai
440,Sukayat Cambor,5,2026-09-11,Aplikasi sangat membantu! Beli token listrik jadi serba cepat tanpa ribet. Transaksi langsung berhasil dan stroom token otomatis muncul. Mantap PLN!,Negatif,Positif,99.6,99.6,0.4,Sesuai
441,Ropiko Piko,5,2026-09-11,aplikasi yang sangat simple dan mudah dalam pasang baru,Positif,Positif,99.7,99.7,0.3,Sesuai
442,Petugas Manbill,5,2026-09-11,Aplikasi sangat membantu.,Positif,Positif,99.9,99.9,0.1,Sesuai
443,Ismi Hasanah,5,2026-09-11,Nice,Positif,Positif,97.5,97.5,2.3,Sesuai
444,Izhar Simon,5,2026-09-11,Sangat senang dengan adanya PLN Mobile karena kebutuhan terkait layanan listrik menjadi lebih mudah. Aplikasi ini memberikan kemudahan untuk mengakses berbagai informasi dan layanan dari mana saja. Inovasi seperti ini sangat membantu masyarakat di era digital.,Positif,Positif,99.9,99.9,0.1,Sesuai
445,fajriyatul Laili,5,2026-09-11,aplikasi sangat membantu,Positif,Positif,99.9,99.9,0.1,Sesuai
446,mochammad fathur Rosyi,5,2026-09-11,pelayanan sangat bagus,Positif,Positif,99.9,99.9,0.1,Sesuai
447,Aldy Reynaldi,5,2026-09-11,Nice,Positif,Positif,97.5,97.5,2.3,Sesuai
448,Satriani Ani,5,2026-09-11,aplikasi in sangat bagus,Positif,Positif,99.8,99.8,0.2,Sesuai
449,Brojol Musik,5,2026-09-11,aplikasi plnmobile sangat membantu untuk layanan gangguan listrik padam,Positif,Positif,99.8,99.8,0.2,Sesuai
450,Hilal Bahlil,5,2026-09-11,Nice,Positif,Positif,97.5,97.5,2.3,Sesuai
451,Sekarman jaya zalukhu,5,2026-09-11,mantap sehat selalu,Positif,Positif,99.5,99.5,0.5,Sesuai
452,Dinda Maulana,5,2026-09-11,"Aplikasi sangat membantu! Beli token listrik, bayar tagihan bulanan, sampai lapor gangguan jadi jauh lebih praktis tanpa harus keluar rumah",Positif,Positif,99.8,99.8,0.2,Sesuai
453,Ratnawati Johan,5,2026-09-11,"Aplikasi PLN Mobile sangat bermanfaat untuk pelanggan PLN. Penggunaannya cukup mudah dan berbagai menu layanan dapat ditemukan dengan praktis. Saya berharap aplikasi ini terus diperbarui agar semakin cepat, stabil, dan memberikan pengalaman pelayanan yang lebih baik.",Positif,Positif,99.9,99.9,0.1,Sesuai
454,Ali mansyur Tuban,5,2026-09-11,sangat memudahkan dan penagananya cepat petugasnya ramah,Positif,Positif,99.8,99.8,0.1,Sesuai
455,C B,5,2026-09-11,"Pelayanan luar biasa! Waktu listrik rumah ada kendala, saya lapor lewat PLN Mobile",Positif,Positif,99,99,0.9,Sesuai
456,Haleyora Power,5,2026-09-11,sangat puas dan membantu,Positif,Positif,99.3,99.3,0.6,Sesuai
457,Parlan Parlan,5,2026-09-11,"sangat praktis,bayar listrik dan beli token jadi tanpa ribet",Negatif,Positif,99.5,99.5,0.4,Sesuai
458,ELYAS KOROH,5,2026-09-11,"Tampilan aplikasinya bersih, mudah dipahami, dan tidak lemot. Respon saat lapor gangguan juga cepat tanggap. Mantap buat PLN",Negatif,Positif,99.7,99.7,0.3,Sesuai
459,Darniwati darni,5,2026-09-11,pelanggan bisa melakukan perubahan daya langsung lewat aplikasi ini. cepat dan tanggap,Positif,Positif,99.8,99.8,0.2,Sesuai
460,Asep Kuye,5,2026-09-11,aplikasinya sangat bagus,Positif,Positif,99.9,99.9,0.1,Sesuai
461,khoirul fakihin,5,2026-09-11,aplikasi sangat membantu,Positif,Positif,99.9,99.9,0.1,Sesuai
462,Bakar,5,2026-09-11,Saya merasa PLN Mobile cukup lengkap untuk membantu kebutuhan pelanggan. Dari informasi layanan sampai berbagai kebutuhan transaksi dan pengaduan dapat dilakukan melalui aplikasi. Semoga PLN terus meningkatkan aplikasi ini supaya semakin nyaman digunakan oleh semua pelanggan.,Positif,Positif,99.7,99.7,0.3,Sesuai
463,Ari Martadi,4,2026-09-11,Jika pembayaran ditambahkan QRIS saya kasih bintang 5,Positif,Positif,98.7,98.7,1.2,Sesuai
464,cok jancok_23,5,2026-09-11,JOSJIS 🔥🤙,Positif,Positif,97.5,97.5,2.3,Sesuai
465,Anis Nurmawanti,5,2026-09-11,pelayanan gangguan lebih mudah,Positif,Positif,99.7,99.7,0.3,Sesuai
466,Rifai Alifudin,5,2026-09-11,PLN melayani sepenuh hati,Positif,Positif,99.9,99.9,0.1,Sesuai
467,Abbas Bachrong,5,2026-09-11,pln semakin memudahkan,Positif,Positif,99.8,99.8,0.2,Sesuai
468,Idrus Pono,5,2026-09-11,PLN Mobile membuat pelayanan kelistrikan menjadi lebih mudah diakses. Saya sangat terbantu dengan adanya berbagai fitur yang tersedia dalam satu aplikasi. Pengguna dapat menghemat waktu dan tenaga karena banyak kebutuhan bisa dilakukan secara online.,Positif,Positif,99.7,99.7,0.2,Sesuai
469,Muhammad Efendi,5,2026-09-11,aplikasi bagus,Positif,Positif,99.5,99.5,0.5,Sesuai
470,Raf Les,5,2026-09-11,Aplikasi mudah untuk tambah daya dan ubah tarif ke token dan cepat prosesnya,Positif,Positif,99.6,99.6,0.3,Sesuai
471,Agus Swandono,5,2026-09-11,Pelayanannya ramah dan responsip.,Positif,Positif,99.2,99.2,0.8,Sesuai
472,nazhifa fatorah,5,2026-09-11,Isi token lebih mudah dengan PLN mobile,Positif,Positif,99.7,99.7,0.3,Sesuai
473,Saepul Ahmad,5,2026-09-11,Aplikasi nya bagus sangat membantu untuk segala bentuk kelistrikan,Positif,Positif,99.7,99.7,0.3,Sesuai
474,Marjono,5,2026-09-11,Saya memberikan rating lima bintang untuk PLN Mobile karena aplikasinya sangat membantu dan praktis. Informasi serta layanan PLN dapat diakses melalui ponsel dengan lebih mudah. Semoga ke depannya semakin banyak fitur yang bermanfaat dan performanya semakin baik.,Positif,Positif,99.9,99.9,0.1,Sesuai
475,Abd Rochim,5,2026-09-11,pelayanan bagus terinci.,Positif,Positif,99.8,99.8,0.1,Sesuai
476,Muchlis Harsah,5,2026-09-11,Applikasi cpt..membantu,Positif,Positif,99,99,0.9,Sesuai
477,wardianayu Destika,5,2026-09-11,Isi token lebih mudah dengan pln mobile,Positif,Positif,99.7,99.7,0.3,Sesuai
478,Gilang Rudiansyah,5,2026-09-11,pln terbaik pelayanan berkualitas,Positif,Positif,99.6,99.6,0.4,Sesuai
479,Fajar Ramdhani,5,2026-09-11,"Sebuah apreseasi kepada PLN, telah meluncurkan aplikasi yang sangat membantu.",Positif,Positif,99.6,99.6,0.3,Sesuai
480,Ardiansyah,5,2026-09-11,pln terbaik,Positif,Positif,99.6,99.6,0.4,Sesuai
481,murodil abid,5,2026-09-11,aplikasi pln mobile mantap cepat dan akurat dalam mengatasi masalah listrik,Positif,Positif,99.9,99.9,0.1,Sesuai
482,Layau Biak layau,5,2026-09-11,lapor keluhan langsung di respon,Positif,Positif,99.3,99.3,0.6,Sesuai
483,Julia Takene,5,2026-09-11,aplikasi ini sangat penting untuk kita selalu pengaduan listrik,Positif,Positif,99.5,99.5,0.4,Sesuai
484,Merta Yasa,5,2026-09-11,membantu dalam pengaduan listrik,Positif,Positif,99.6,99.6,0.4,Sesuai
485,setyorini rini,5,2026-09-11,aplikasi sangat membantu dan sekarang dilengkapi dengan swecamp jadi lebih baik,Positif,Positif,99.8,99.8,0.2,Sesuai
486,Muhamad Ali,5,2026-09-11,Aplikasi ini sangat membantu,Positif,Positif,99.9,99.9,0.1,Sesuai
487,MUHAMMAD FIJAL FIJAL,5,2026-09-11,terimaksih pln mobile,Positif,Positif,99.2,99.2,0.7,Sesuai
488,Agus Shofiyuddin,5,2026-09-11,PLN MOBILE 👍,Positif,Positif,99.7,99.7,0.3,Sesuai
489,Angga Iksanto,5,2026-09-11,"Aplikasi pln mobile bisa untuk kebutuhan listrik, mulai dr beli token,cek tagihan,cek riwayat pemakaian secara real time, pengaduan gangguan.hingga pengajuan ubah daya.desain aplikasinya bagus mudah digunakan oleh siapa saja dan informasi sangat transparan.",Positif,Positif,99.8,99.8,0.2,Sesuai
490,Dimas Haikal,5,2026-09-11,hebat,Positif,Positif,98.2,98.2,1.6,Sesuai
491,irishabelle,5,2026-09-11,Isi token lebih mudah dengan pln mobile,Positif,Positif,99.7,99.7,0.3,Sesuai
492,Nadi,5,2026-09-11,Membantu beli token mudah,Positif,Positif,99.8,99.8,0.2,Sesuai
493,aki gore,5,2026-09-11,Sangat membantu ... .respon cepat ... 👍👍👍😍😍🔥.......,Positif,Positif,99.9,99.9,0.1,Sesuai
494,julpa kiranfi,5,2026-09-11,Isi token lebih mudah dengan pln mobile,Positif,Positif,99.7,99.7,0.3,Sesuai
495,Pengguna Google,5,2026-09-11,Pln mantap,Positif,Positif,99.6,99.6,0.4,Sesuai
496,aurent chandela,5,2026-09-11,Isi token lebih mudah dengan pln mobile,Positif,Positif,99.7,99.7,0.3,Sesuai
497,Inisial D,5,2026-09-11,Pelayanan sangat memuaskan,Positif,Positif,99.3,99.3,0.6,Sesuai
498,Tung Blung,5,2026-09-11,penangganan cepat,Positif,Positif,99.6,99.6,0.4,Sesuai
499,Febi Oktariansyah,1,2026-09-11,"PLN ULP Muara enim tidak menyelesaikan masalah laporan pelanggan. alamat desa arahan, merapi timur kabupaten lahat, kami sebagai warga sangat kecewa dengan pelayanan ULP muara enim sampai dengan sekarang laporan kami tidak ada tanggapan sama sekali.",Negatif,Negatif,90,10,90,Sesuai
500,Siska Aisha,5,2026-09-11,dengn mudah menggunakan apliaksi,Positif,Positif,99.8,99.8,0.2,Sesuai
