slang,formal
165,layanan call
adm,admin
adminn,admin
agan,tuan
agr,agar
aj,saja
aja,saja
ajaa,saja
ajah,saja
ak,aku
akta lahir,dokumen akta
akuu,aku
alhamdulillah,syukur
allahuakbar,hebat
ambyar,rusak
ampas,jelek
ampe,sampai
ampek,sampai
ancur,rusak
ane,saya
anjay,kesal
anjayy,kesal marah
anjing,kesal
anjingg,umpatan kesal
anjir,kesal
anjirr,kesal marah
anjrit,kesal
antrean faskes,antrean fasilitas
antrean online,antrean faskes
antri,antre
antrian,antrean
antrian habis,kuota pendaftaran
antrian online,antrean faskes
antrian pkm,antrean puskesmas
antrian poli,antrean poliklinik
antrian rs,antrean rumah
anying,kesal
anyingg,umpatan kesal
apa2,apa-apa
apdate,perbarui
apdet,perbarui
apik,bagus
apik tenan,bagus
apotek,apotek farmasi
apotik,apotek farmasi
aq,aku
asap,secepatnya segera
asli,benar-benar
astaga,kecewa
astagfirullah,bersabar kecewa
astaghfirullah,bersabar kecewa
asu,kesal
auto debet,pembayaran otomatis
autodebet,pembayaran otomatis
b5,bintang lima
babi,kesal
badan usaha,peserta pekerja
bagos,bagus
bagus,bagus
bagus bgt,bagus
bagus bnget,sangat bagus
baguss,sangat bagus
baguuus,sangat bagus
bahagia,sangat senang
bajingan,umpatan sangat
bangeet,sangat
banget,sangat
bangett,sangat
bangettt,sangat
bangsat,umpatan sangat
bangsattt,umpatan sangat
bapuk,sangat jelek
bayar bertahap,rencana pembayaran
bayar premi,bayar iuran
bayarin,bayar
bayi baru lahir,penambahan data
bbrp,beberapa
bego,sangat bodoh
begoo,sangat bodoh
belibet,sangat berbelit-belit
belom,belum
bener,benar
bener2,benar-benar
beneran,benar-benar
bentar,sebentar
berbelit,sangat berbelit-belit
beresin,selesaikan
berfaedah,sangat bermanfaat
berguna,sangat berguna
berkah,bermanfaat berkah
bermanfaaat,sangat bermanfaat
berobat,layanan pengobatan
berpa,berapa
best,terbaik luar
beut,sangat
bgini,begini
bgitu,begitu
bgs,bagus
bgst,umpatan sangat
bgt,sangat
bgttt,sangat
bgtu,begitu
biaya sms,biaya pulsa
bidan,bidan faskes
bikin,buat
bikin darah tinggi,sangat membuat
bikin emosi,sangat memancing
bingit,sangat
bingits,sangat
bintang 5,bintang lima
bintang lima,rating tertinggi
bintang5,rating tertinggi
bisaa,bisa berhasil
bkin,buat
bkin emosi,sangat memancing
bkn,bukan
blank,layar kosong
bleum,belum
blm,belum
blom,belum
bloon,sangat bodoh
bnget,sangat
bngt,sangat
bnr,benar
bnran,benar-benar
bntar,sebentar
bntr,sebentar
bobrok,sangat rusak
bohong,tidak benar
boong,tidak benar
bopung,sangat jelek
bosok,sangat buruk
bpjs,bpjs
bpjsk,bpjs kesehatan
bray,kawan
bro,kawan
brp,berapa
btw,ngomong-ngomong
buang tenaga,sangat membuang
buang waktu,sangat membuang-buang
buang2 waktu,sangat membuang-buang
bug,masalah teknis
bugged,masalah teknis
buggg,terdapat masalah
bukn,bukan
buruk,buruk jelek
buruk bgt,sangat buruk
burukk,sangat buruk
busuk,sangat buruk
bwt,buat
byar,bayar
byr,bayar
cabut gigi,layanan poliklinik
caesar,layanan operasi
cairin,cairkan
call,telepon
care center,layanan call
cek,periksa
cek faskes,periksa fasilitas
cepet,cepat
cetak kartu,cetak kartu
cetak kis,cetak kartu
chat,pesan teks
chika,asisten virtual
ciamik,sangat bagus
cicil iuran,rencana pembayaran
ckck,kecewa heran
ckckck,kecewa heran
close,tutup
closing,keluar otomatis
cm,hanya
cma,hanya
cmiiw,koreksi jika
cmn,hanya
coz,karena
cpet,cepat
cpt,cepat
crash,keluar mendadak
cs,layanan pelanggan
cuman,hanya
curang,tidak jujur
cust,pelanggan
cz,karena
dabest,terbaik luar
daftar,daftar akun
dah,sudah
dancuk,umpatan sangat
dapet,dapat
darting,sangat membuat
de best,terbaik luar
deh,sudah
del,hapus
delay,tertunda
delete,hapus
denda,denda tunggakan
dftar,daftar akun
dg,dengan
dgn,dengan
dimana2,dimana-mana
dimna,dimana
dirujuk,rujukan
dl,unduh
dlm,dalam
dm,pesan langsung
dmn,dimana
dnk,dong
doang,hanya
dok,dokter
dokter,dokter
dokter libur,jadwal praktik
dokter tidak ada,jadwal praktik
dongkol,sangat dongkol
dongkoll,sangat dongkol
donk,dong
donlod,unduh
donlot,unduh
down,server mati
download,unduh
downn,server mati
dpt,dapat
dr,dari
drg,dokter gigi
dri,dari
dungu,sangat bodoh
e-id,kartu digital
efektif,efektif
efisien,sangat cepat
eid,kartu digital
elek,sangat jelek
elek tenan,sangat jelek
elu,anda
email tidak masuk,verifikasi email
emang,memang
emg,memang
emng,memang
emosi,sangat emosi
enek,sangat muak
ente,anda
eror,error
erorr,error
err,error
errorr,mengalami error
faedah,bermanfaat
fake,palsu bohong
faskes,fasilitas kesehatan
faskes 1,fasilitas kesehatan
faskes lanjutan,rumah sakit
faskes penuh,kuota fasilitas
faskes tk 1,fasilitas kesehatan
faskes tk1,fasilitas kesehatan
fc,keluar otomatis
fkrtl,rumah sakit
fktp,fasilitas kesehatan
force close,keluar otomatis
freeze,layar membeku
freezeee,layar membeku
fyi,sebagai informasi
ga,tidak
ga guna,tidak guna
gabener,tidak benar
gabisa,tidak bisa
gabnr,tidak benar
gabsa,tidak bisa
gada,tidak ada
gajebo,tidak jelas
gajelas,tidak jelas
gak,tidak
gak guna,tidak guna
gakda,tidak ada
gakk,tidak
gamau,tidak mau
gampang,sangat mudah
gampangg,sangat mudah
gan,tuan
ganti dokter,perubahan dokter
ganti email,perubahan alamat
ganti faskes,perubahan fasilitas
ganti no hp,perubahan nomor
ganti nomor hp,perubahan nomor
gapapa,tidak apa-apa
gapapah,tidak apa-apa
gatau,tidak tahu
gausa,tidak perlu
gausah,tidak perlu
gbisa,tidak bisa
gblg,sangat bodoh
gblk,sangat bodoh
gbs,tidak bisa
gbsa,tidak bisa
gda,tidak ada
geblek,sangat bodoh
gercep,sangat cepat
gercepp,sangat cepat
gigi,layanan poliklinik
gini,begini
gitu,begitu
gjls,tidak jelas
gk,tidak
gk guna,tidak guna
gka,tidak
gkada,tidak ada
gkbisa,tidak bisa
gkmau,tidak mau
gktau,tidak tahu
gkusah,tidak perlu
gmana,bagaimana
gmn,bagaimana
gmna,bagaimana
gmpang,sangat mudah
gmw,tidak mau
goblog,sangat bodoh
goblok,sangat bodoh
goblokk,sangat bodoh
good,sangat bagus
gpapa,tidak apa-apa
gpp,tidak apa-apa
gregetan,sangat kesal
gtau,tidak tahu
gtu,begitu
gua,saya
gud,sangat bagus
gue,saya
guna,guna
gw,saya
gwa,saya
hadeh,mengeluh lelah
hadehh,mengeluh lelah
hadehhh,mengeluh lelah
haha,tertawa gembira
hahaha,tertawa gembira
hahahaha,tertawa gembira
hancur,rusak
hang,berhenti merespon
hapus,buang
hehe,senyum ramah
hehehe,senyum ramah
hemat,sangat menghemat
hemat waktu,sangat efisien
hoax,berita bohong
hubungin,hubungi
idiot,sangat bodoh
igd,instalasi gawat
instal,pasang
install,pasang
invalid,tidak sah
iuran,iuran bulanan
iuran bulanan,iuran bulanan
jadwal dokter,jadwal praktik
jadwal dokter spesialis,jadwal dokter
jancok,umpatan sangat
jancuk,umpatan sangat
japri,hubungi pribadi
jelek,jelek buruk
jelek banget,sangat jelek
jelek bgt,sangat jelek
jelekk,sangat jelek
jempol,sangat bagus
jempolan,sangat bagus
jengkel,sangat jengkel
jengkel bgt,sangat jengkel
jengkell,sangat jengkel
jg,juga
jga,juga
jgan,jangan
jgn,jangan
jijik,sangat jijik
jikalau,jika
jk,jika
jkn,mobile jkn
jkn mobile,aplikasi mobile
jos,sangat bagus
joss,sangat bagus
josss,sangat bagus
joz,sangat bagus
juara,terbaik nomor
juaraa,terbaik nomor
kacamata,klaim kacamata
kaga,tidak
kagak,tidak
kaliann,kalian
kalo,kalau
kamar,kamar perawatan
kamar penuh,ketersediaan tempat
kamar rs,kamar perawatan
kampret,umpatan jengkel
kamuu,kamu
kan,kan
kapok,sangat jera
kartu digital,kartu kepesertaan
kartu digital bpjs,kartu kepesertaan
kartu fisik,kartu bpjs
kartu jkn,kartu kepesertaan
kaya,seperti
kayak,seperti
kcewa,sangat kecewa
kcwa,sangat kecewa
kea,seperti
kece,sangat bagus
kece bgt,sangat bagus
kecewa,sangat kecewa
kecewa berat,sangat kecewa
kecewa bgt,sangat kecewa
kek,seperti
kelarin,selesaikan
kelas 1,iuran kelas
kelas 2,iuran kelas
kelas 3,iuran kelas
kelen,kalian
kemna,kemana
kena pulsa,biaya pulsa
kenapah,kenapa
keren,sangat bagus
keren abis,sangat bagus
keren banget,sangat bagus
keren bgt,sangat bagus
kerenn,sangat bagus
kesal,sangat kesal
kesel,sangat kesal
kesell,sangat kesal
kirim,kirim data
kis,kis
kk,kartu keluarga
kl,kalau
klaim,pencairan
klau,kalau
klean,kalian
klo,kalau
km,kamu
kmn,kemana
kmpret,umpatan jengkel
kmu,kamu
kn,kan
knp,kenapa
knpa,kenapa
kntl,umpatan sangat
kok,mengapa
konsul,konsultasi
kontak,hubungi
kontol,umpatan sangat
koplak,konyol buruk
kpd,kepada
kpok,sangat jera
krena,karena
krn,karena
krna,karena
ktp,kartu tanda
kudet,kurang informasi
kuota,kuota pendaftaran
kuota habis,kuota habis
kuota penuh,kuota habis
ky,seperti
kyk,seperti
lag,sangat lambat
lancar,sangat lancar
lancar jaya,sangat lancar
lancarj,sangat lancar
langsg,langsung
langsungg,langsung
lanjay,sangat lancar
lanjayy,sangat lancar
layanan fktp,layanan fasilitas
lelet,lambat
lelett,sangat lambat
lemot,lambat
lemott,sangat lambat
lemottt,sangat lambat
lgsg,langsung
liad,lihat
liat,lihat
lieur,sangat pusing
lihat kartu,tampilan kartu
llet,lambat
lngsg,langsung
loading,memuat lama
loadingg,memuat lama
loding,memuat lama
lodingg,memuat lama
loe,anda
log in,masuk akun
log out,keluar akun
login,masuk akun
logout,keluar akun
lola,lambat
lu,anda
luar biasa,sangat luar
lum,belum
luu,anda
macet,tidak berjalan
macett,tidak berjalan
maintance,pemeliharaan sistem
maintenance,pemeliharaan sistem
makai,pakai
makan ati,sangat membuat
makan hati,sangat membuat
makasih,terima kasih
make,pakai
maling,pencuri merugikan
mana2,mana-mana
mandiri,peserta mandiri
mang,memang
mantabb,sangat bagus
mantap,bagus
mantap betol,sangat bagus
mantap betul,sangat bagus
mantap jiwa,sangat luar
mantapjiwa,sangat luar
mantapp,sangat bagus
mantappp,sangat bagus
mantapppp,sangat bagus
mantep,sangat bagus
mantul,bagus
mantull,sangat bagus
masa berlaku rujukan,masa aktif
masokk,masuk
masyaallah,sangat kagum
mbulet,sangat berbelit-belit
mdh,sangat mudah
melahirkan,layanan persalinan
membantu,bantu
memek,umpatan sangat
mentok,terhenti
mhn,mohon
mimin,admin
min,admin
mks,terima kasih
mksih,terima kasih
mmk,umpatan sangat
mobile jkn,aplikasi mobile
mrk,mereka
mrka,mereka
mt,pemeliharaan sistem
muak,sangat muak
mual,sangat muak
mudah,mudah
mudahh,sangat mudah
mulu,selalu
muluk,selalu
muly,selalu
mumet,sangat pusing
mumet ndase,sangat pusing
mutasi keluarga,pemindahan data
muter,memuat lama
nais,sangat bagus
najis,sangat jijik
nanya,tanya
nauzubillah,sangat buruk
nda,tidak
ndak,tidak
nengok,lihat
ngak,tidak
ngambil,mengambil
ngantre,mengantre
ngantri,mengantre
ngebantu,bantu
ngebug,terdapat masalah
ngecrash,keluar mendadak
ngefreeze,layar membeku
ngehang,berhenti merespon
ngelag,sangat lambat
ngelagg,sangat lambat
ngelaggg,sangat lambat
ngeleg,sangat lambat
ngeles,banyak alasan
ngeliat,melihat
ngerjain,mengerjakan
ngerubah,mengganti
ngga,tidak
nggak,tidak
ngibul,berbohong menipu
ngirim,mengirim
ngubah,mengganti
nice,sangat bagus
nik,nomor induk
nipu,penipuan merugikan
no antri,nomor antrean
no hp ganti,perubahan nomor
nomor antrean faskes,nomor antrean
nomor antrian,nomor antrean
nomor hp ganti,perubahan nomor
non pbi,peserta mandiri
now,sekarang
ntar,nanti
ntr,nanti
nyari,mencari
nyesal,sangat menyesal
nyesel,sangat menyesal
nyesel bgt,sangat menyesal
obat,obat kesehatan
ok,oke
oke,oke
oke bgt,sangat bagus
okey,oke
operasi,layanan tindakan
ora,tidak
otp,kode verifikasi
otp gagal,kode verifikasi
otp tidak masuk,kode verifikasi
otw,sedang berjalan
overload,server penuh
pake,pakai
pakee,pakai
pakein,pakaikan
pakek,pakai
pandawa,pelayanan administrasi
pantek,umpatan sangat
parah,sangat buruk
parah bgt,sangat buruk
parahh,sangat buruk
parahhh,sangat buruk
parrah,sangat buruk
password,kata sandi
paten,sangat bagus
payah,sangat buruk
pbi,peserta bantuan
pc,hubungi pribadi
pd,pada
pda,pada
pdhal,padahal
pdhl,padahal
pea,sangat bodoh
pekok,bodoh buruk
pending,tertunda
penipu,penipuan merugikan
persalinan,layanan persalinan
php,pemberi harapan
pin,nomor pin
pindah,mutasi
pindah faskes,perubahan fasilitas
pindah klinik,perubahan fasilitas
pkm,puskesmas
please,tolong
plis,tolong
pls,tolong
pm,pesan pribadi
pntk,umpatan sangat
poli,poliklinik dokter
poli anak,poliklinik anak
poli gigi,poliklinik gigi
poli mata,poliklinik mata
poli umum,poliklinik umum
potong saldo,pemotongan saldo
praktis,praktis
praktiss,sangat mudah
premi,iuran premi
priksa,periksa
program rehab,rencana pembayaran
puas,puas
puas bgt,sangat puas
puass,puas
puasss,puas
puji tuhan,bersyukur sangat
pulsa habis,biaya pulsa
pulsa kepotong,biaya pulsa
pungli,pungutan liar
pusing,sangat pusing
puskesmas,puskesmas
pw,kata sandi
pyh,sangat buruk
ra,tidak
rajal,rawat jalan
rampok,pemerasan merugikan
ranap,rawat inap
rawat inap,layanan rawat
rawat jalan,layanan rawat
real,benar-benar asli
recom,sangat direkomendasikan
recomended,sangat direkomendasikan
recommended,sangat direkomendasikan
reg,pendaftaran
regis,pendaftaran
registrasi,pendaftaran
rehab,program cicilan
reinstall,pasang ulang
rejected,ditolak
rek,nomor rekening
rekening,nomor rekening
rekomen,sangat direkomendasikan
resep,resep obat
ribet,sangat rumit
ribet bgt,sangat rumit
ribett,sangat rumit
riwayat faskes,riwayat kunjungan
riwayat pelayanan,riwayat rekam
rongsok,sangat rusak
rs,rumah sakit
rsu,rumah sakit
rsud,rumah sakit
rto,koneksi terputus
rubah,ganti
rujukan habis,masa berlaku
rujukan kadaluarsa,masa berlaku
rujukan mati,masa berlaku
rujukan online,rujukan berjenjang
rusak,mengalami kerusakan
ruwet,sangat rumit
ruwett,sangat rumit
sakit kepala,sangat pusing
saldo kepotong,pemotongan saldo
sampah,jelek
sapa,siapa
sat set,sangat cepat
satset,sangat cepat
satsett,sangat cepat
save,simpan
sayaa,saya
sbelum,sebelum
sbg,sebagai
sbgi,sebagai
sblm,sebelum
sbntr,sebentar
scam,penipuan palsu
scammer,penipu
scan,pindai
screening,skrining riwayat
screening mandiri,skrining mandiri
sdah,sudah
sdh,sudah
sebal,sangat sebal
sebel,sangat sebal
sedih,sangat sedih
seneng,sangat senang
seneng bgt,sangat senang
senengg,sangat senang
sengklek,rusak tidak
serta,dan
sgera,segera
shg,sehingga
shgga,sehingga
sia sia,sama sekali
siapa2,siapa-siapa
simpel,sangat mudah
simpen,simpan
simple,sangat mudah
sip,bagus
sip bgt,sangat bagus
sipp,bagus
sippp,bagus
skr,sekarang
skrang,sekarang
skrg,sekarang
skrining,skrining riwayat
skrining covid,skrining kesehatan
skrng,sekarang
slow,lambat
sm,sama
sma,sama
smp,sampai
smpai,sampai
smpe,sampai
sms otp,sms kode
sms tidak ada,kode verifikasi
sob,kawan
spy,supaya
spya,supaya
ssh,sangat sulit
stelah,setelah
stlh,setelah
stuck,terhenti
stuckk,terhenti macet
subhanallah,sangat kagum
suda,sudah
sudahh,sudah
sukses,sukses berhasil
suksess,sukses berhasil
sulit,sangat sulit
sulitt,sangat sulit
surat rujukan,surat rujukan
susah,sangat sulit
susah bgt,sangat sulit
susahh,sangat sulit
sy,saya
sya,saya
syukur,bersyukur terima
taek,sangat buruk
tagihan,tagihan pembayaran
tahi,sangat buruk
tai,sangat buruk
tak,tidak
tambah anak,penambahan bayi
tambah anggota,penambahan anggota
tambal gigi,layanan poliklinik
tampilkan kartu,tampilan kartu
td,tadi
tdi,tadi
tdk,tidak
telfon,telepon
telp,telepon
telpon,telepon
tengkyu,terima kasih
terbaikk,sangat terbaik
terimakasih,terima kasih
teruss,terus
tf,transfer
thanks,terima kasih
the best,terbaik luar
thx,terima kasih
tidak dapat otp,kode verifikasi
time out,batas waktu
timeout,batas waktu
tipu,penipuan merugikan
tlg,tolong
tlng,tolong
tlol,sangat bodoh
tlp,telepon
tlpn,telepon
tntg,tentang
tnya,tanya
tolol,sangat bodoh
tololl,sangat bodoh
top,terbaik luar
top bgt,sangat terbaik
top markotop,sangat terbaik
tp,tetapi
tpi,tetapi
transfr,transfer
trf,transfer
trima,terima
trimakasih,terima kasih
trims,terima kasih
trs,terus
trus,terus
truss,terus
trusss,terus
ttg,tentang
ttng,tentang
ttp,tetap
ttpi,tetapi
tunggakan,tunggakan iuran
ty,terima kasih
uang kepotong,pemotongan saldo
uang terpotong,pemotongan saldo
ubah,ganti
ubah data,perubahan data
ubah faskes,perubahan fasilitas
uda,sudah
udah,sudah
udh,sudah
ugd,unit gawat
unfaedah,tidak bermanfaat
uninstal,copot pemasangan
uninstall,copot pemasangan
untk,untuk
update,perbarui
updet,perbarui
utk,untuk
va,nomor pembayaran
verif,verifikasi
verifkasi,verifikasi
vika,layanan suara
w,saya
wa,pesan whatsapp
wkwk,tertawa gembira
wkwkwk,tertawa gembira
wkwkwkwk,tertawa gembira
ya allah,memohon bersyukur
ya ampun,mengeluh kecewa
ya tuhan,mengeluh kecewa
yg,yang
yng,yang
zonk,kosong gagal
zonkk,kosong gagal
zonkkk,kosong gagal