No,User Name,Rating / Bintang,Tanggal Review,Isi Ulasan,Jumlah Like,Tanggal Balasan,Balasan Developer,Versi Aplikasi
1,Ahmad Rido'i,5,2026-09-11,Aplikasi memudahkan,0,,,4.18.0
2,Kiso Veo,1,2026-09-11,"Payah, sekelas aplikasi pemerintah kuliatasnya seperti ini untuk pelayanan kesehatan Bayar pajak cuma buat urusan perut pejabat bukan untuk kemaslahatan rakyat",0,,,
3,Egi Hilman,1,2026-09-11,aplikasi nya jelek banget... mau daftar sebgai anggota baru problem trs akhirnya ngulang lagi prosesnya dari awal,0,,,4.18.0
4,Putraa Hani,1,2026-09-11,"apk jelek bgt susah daftarnya, dulu gampang skrg malah ruett kaya pemerintah",0,,,4.18.0
5,Yunus Wahyu Setiawan,1,2026-09-11,"Dapet rujukan tapi di faskes lanjutan jadwal penuh berhari hari, mau ke IGD tp ada embel² belum tentu dicover BPJS. Ya gimana, kita yg ngerasain sakitnya tp keputusan dicover BPJS blm pasti. Masa harus nunggu berhari² baru bisa berobat?",0,,,4.18.0
6,Elzio Wine,1,2026-09-11,"saya sangat kecewa dengan aplksi mobile jkn,anak saya sakit mau berobat,sedangkn hp saya tidak bisa mendownload aplksi mobile jkn,sedangkn peraturan rumah sakit harus dftr lewat online,lalu bagaiman sya mau berobat ,tolong dong pihak bpjs untuk aplksi biar semua tipe hp atau mmensupprot untk di download,maslah ya ini taruhan nyawa,.sedangkn dri pihak klinik hrus daftar dlu ya ,gimna nie tolong,atau saya laporkan kepda pejabat tinggi ya,kalau menyusahkan org buat berobat",0,,,
7,Riki Sipahelut,4,2026-09-11,Appnya oke sih,0,,,4.18.0
8,purnawan nawan,3,2026-09-11,susah buat daftar seperti tidak ada perbaikan,0,,,4.18.0
9,Bang Jun,1,2026-09-11,aplikasi sering maintenance. mohon untuk ditingkatkan lagi,0,,,4.18.0
10,Maryam Syarif,5,2026-09-11,kenapa ya kok punya ku tidak bisa ambil antrian tolong dong bantuan nya,0,,,
11,Fitri Lailatul,5,2026-09-11,mantap,0,,,4.18.0
12,Seni Kaban,5,2026-09-11,terbaik,0,,,4.18.0
13,alghifari Taufiq,5,2026-09-11,bagus,0,,,
14,Zainal Amin,4,2026-09-11,baik,0,,,4.13.1
15,Delvin Aldzikry,1,2026-09-11,bt apa daftar online terus dikasih no antri klo ujung ujung ttp aja siapa yg datang duluan no antrian no 1,0,,,4.18.0
16,arla putra,5,2026-09-11,bagus ini,0,,,4.18.0
17,Produksi Masal,5,2026-09-11,aplikasi nya sangat bagus,0,,,4.18.0
18,Kyb Kyb,5,2026-09-11,"lebih praktis, dan sangat membatu.",0,,,4.18.0
19,IraAyu 7002,1,2026-09-11,kenapa harus pake ini kalo app nya eror!!!??? udah verifikasi wajah susah mirornya aneh. Setelah bisa malah disuruh coba lagi karna sistem tidak bisa diproses!!! tolong.,0,,,4.18.0
20,Aan Anwar,5,2026-09-11,oke,0,,,
21,Rizky M.Syahrul,1,2026-09-11,"APK SAMPAHHHHHHHHHHH, KODE OTP NYA LAMA SEKALI DI KIRIM UDAH HAMPIR 2 HARI NUNGGU GAK ADA DI KIRIM",0,,,
22,Rvnzaa Putra,1,2026-09-11,bodoh,0,,,4.18.0
23,Noldy Kapia18,1,2026-09-11,🔪,0,,,4.16.0
24,sarmi sarmi,4,2026-09-11,"aplikasi tdk bisa digunakan untuk ambil antrian,, sering log out",0,,,4.18.0
25,Ricky Azwhan,1,2026-09-10,"aku pribadi lebih suka mekanis yang dulu sederhana dan terstruktur ketimbang sekarang banyak fitur iya tapi hal yang paling mendasar seperti Memperivikasi nomer telepon terutama saat mengirim kode dengan nomer itu lana sekali, tidak responsif juga untuk login memang ada password, tapi sekali lupa dan salah itu mau atur ulang sandi nya susah sekali kaya mau apa aja, dilihat dari pembaruan nya itu udah ada Ai yang melihat gejala, tapi tidak buat keamanannya di perbaiki, karena itu menjadi dasarnya",0,,,
26,Doea Pilar Oetama,5,2026-09-10,mudah dan interaktif mantab,0,,,4.18.0
27,STUT COMMUNITY,5,2026-09-10,sangat membantu👍,0,,,4.18.0
28,Zhen Ibra,5,2026-09-10,"kenapa mobile jkn mau login nik ktp lain gak bisa lagi,aplikasi ini makin susah aja login",0,,,4.18.0
29,muhammad bahiij,1,2026-09-10,"kebanyakan update,fitur utama malah eror,buat daftar antrean online aja kode f1 terus,aplikasi GG",0,,,4.18.0
30,Suyanto Diningrat,1,2026-09-10,"susah buat verifikasi wajah, kode OTP ga pernah muncul pdhl nomer HP aktif trs, aplikasi ga berguna",0,,,4.18.0
31,Adji Saroso,5,2026-09-10,ok banget,0,2023-08-14,"Hi... Terima kasih atas review dan rating yang diberikan. Kami akan terus melakukan perbaikan dan penyempurnaan aplikasi Mobile JKN untuk memberikan kemudahan bagi peserta dan calon peserta JKN. Jika ada kendala, Anda dapat menghubungi Care Center BPJS Kesehatan melalui nomor 165 (24 jam). Semoga Sehat Selalu. Terima kasih.",4.18.0
32,Ahmad Failani,1,2026-09-10,keburu sekarat,0,,,4.18.0
33,wedusss212 weduss,1,2026-09-10,"aplikasi malah tambah nyusahin mau berobat jadi susah , log in sulit minta otp selalu g bisa,....",0,,,
34,dion alief,5,2026-09-10,"sekarang mau ngapa""in jadi ribet",0,,,4.8.1
35,cristina a,3,2026-09-10,"sering error, tolong di upgrade dong",0,,,4.18.0
36,Indra Bmth,3,2026-09-10,mau ngambil antrian online gagal Mulu udah dicoba segala ha gabisal mohon di perbaiki lagi,0,,,4.18.0
37,Sakti Octova,1,2026-09-10,optimalkan lagi dong aplikasinya masa untuk hp ram 6 gb force close terus,0,,,
38,M Riki Saputra,1,2026-09-10,"kadang memudahkan kadang menyusahkan karna gamau login dan terlog out sendiri, Optimali lagi ni aplikasi",0,,,4.18.0
39,Muhammad Qosim,1,2026-09-10,kurang baik,0,,,
40,Malik Fajar,1,2026-09-10,verifikasi otp lewat sms ga muncul2 alasan jaringan padahal jaringan bagus karena menggunakan wifi,0,,,4.18.0
41,Sihabuddin Addimiyyati,1,2026-09-10,jelek bet susah daftar,0,,,4.18.0
42,FI KAR,1,2026-09-10,"kode otp nya ga ada, apk apaan ini",0,,,4.18.0
43,Heri Mulyana,1,2026-09-10,knpa aplikasi ini susah sekali .. kompatibel terus apa masalah ny..dulu lancar2 aja,0,,,
44,Abdi Nawawi,5,2026-09-10,aplikasi Bagus,0,,,4.18.0
45,Himalaya Sadewa,5,2026-09-10,mantap pelayanan,0,,,4.18.0
46,Paijo87 Jhony87,5,2026-09-10,mudah cara pegunaan ya,0,,,
47,Pincok 26,1,2026-09-10,saya berharap petugas BPJS kalo input data tu mata melek jangan merem satu angka/huruf salah anda mepotkan kami!!!,0,,,4.18.0
48,Saepul Islam,1,2026-09-10,SUMPAH INI APLIKASI JELEK BANGET. SERING KELUAR SENDIRI PADAHAL PASWORD SUDAH BENAR SAMPE GAGAL 3 KALI MASUK. PADAHAL URGENT MAU DIPAKE KECEWA,0,,,
49,Anto Boyz,5,2026-09-10,sangat luar biasa,0,,,
50,Zainal Abidin,5,2026-09-10,mantaap,0,,,
51,Pujianto Agustus,5,2026-09-10,ok bangat yang penting okey mantrap,0,,,4.18.0
52,Melani Futria,3,2026-09-10,"dulu mah gampang mau masuk tinggal klik sandi ,skrg agak ribet deh berkali2 jaringan eror gabisa masuk aplikasi mencoba uninstal trs didownload ulang malahan gbs jg",0,,,4.18.0
53,Malang Bagus,1,2026-09-10,"sekarang malah susah mau ambil no antrean biasa nya tinggal pilih peserta, apa harus bikin akun lagi untuk nik anak biar bisa ambil nomor antrean",0,,,
54,Muslikhin ali khusni,1,2026-09-10,aplikasi bodoh. tiap bulan mesti login.itu bodoh fb aja ga tiap bulan login.perpinter lagi,0,,,4.18.0
55,Nadine Nazyre,4,2026-09-10,"Setelah di update APK kenapa malah logout sendiri dan tidak bisa login lagi?,.. Padahal sinyal kuat dan semua data yang di masukkan sudah betul,.. Ini gimana ya? Apakah APKnya sudah tidak bisa di gunakan?",0,2022-01-10,"""Hai..Mohon maaf atas ketidaknyamanannya Pastikan anda telah melakukan update Aplikasi Mobile JKN pada handphone anda. Untuk kendala yang anda alami saat ini telah dilakukan perbaikan, silahkan coba kembali. Terima kasih,""",4.18.0
56,Rachmat Sudrajat,1,2026-09-10,"Gmn mau buka,kudu update wae.Klo Hp bagus dan memory cukup gak masalah,lah ini hp jadul memory kecil .... Malah jd masalah baru lg ini,gmn sy mau berobat",0,,,4.18.0
57,Budi Prayitno,1,2026-09-10,Mengapa tidak ada dukungan mobile jkn ini untuk android 8/9? apa memang pengguna jkn hanya utntuk orang mampu? rakyat kecil tidak boleh menggunakan fasilitas jkn?,0,,,
58,Oki Abdul karom,5,2026-09-10,aplikasi bermanfaat sangat membantu dan mempermudah masyarakat. petugas nya pun ramah tamah dan sangat membantu. terimakasih,0,,,4.18.0
59,Dennise Saputra,1,2026-09-10,saya daftar JKN mobile dari pagi sampe malem otp sms ga pernah masuk cuman otp Gmail aja yang masuk,0,,,
60,Edo Pandeirot,5,2026-09-10,sangat membantu,0,,,4.18.0
61,Helni Depag,5,2026-09-10,sangat membantu dalam pengecekan kesehatan,0,,,
62,muklas khan,1,2026-09-10,aplikasi tidak bisa di buka,0,,,
63,Insan Kamil Budiman,1,2026-09-10,"kurang berguna, apk jebakan",0,,,4.18.0
64,Rukwati Yahya,1,2026-09-10,sms verifikasi tidak kunjung masuk,0,,,4.18.0
65,Hadi Sancoko,5,2026-09-10,ok,0,,,4.18.0
66,Dzaki Airil,5,2026-09-10,sangat membantu kami,0,,,
67,Zikri Maulvi,5,2026-09-10,the best,0,,,4.18.0
68,legal,1,2026-09-10,"Apasih bolak balik harus login, rempong bgt",0,,,
69,Wiwit Amelia,5,2026-09-10,mudah dan gampang g pake ribet,0,,,4.18.0
70,Purwati Wati,4,2026-09-10,lumayan akurat. hanya kadang rumit bolak-balik verifikasi akun. password PIN. jatuhnya kepada org tua yg mulai renta mata krg awas. ingatan mulai lemah. jdi lupa lupa terus PIN atau password. jadi lama prosesnya utk berobat,0,,,4.18.0
71,Sondang Mayda,3,2026-09-10,srg kali mnt login & logout sesuka nya. muak awak.,0,,,4.18.0
72,Wahyu Wulan,1,2026-09-10,pas masukin nomer nggak bisa terus udah 1 bulan di coba lagi masih nggak bisa padahal nomer masih aktif ada pulsanya juga,0,,,4.18.0
73,Farhanghani,1,2026-09-10,aplikasi BUSUKKKK,0,,,
74,Imam bae,1,2026-09-10,apk sampah tiba² keluar sendri IT nya ga besus kerjanya,0,,,4.18.0
75,Ashfi Amarilis Wafda,5,2026-09-10,sangat membantu,0,,,4.18.0
76,Zein Arief,1,2026-09-10,apk gk bisa buat reset password kayak nya apk ini hny pajangan,0,,,4.18.0
77,Darto Gum,5,2026-09-10,good,0,,,4.18.0
78,Ogi Suhendar,4,2026-09-10,kenapa hp saya tidak dapat meng update jkn dan tidak bisa di buka,0,,,4.18.0
79,Dede Sopandi,5,2026-09-10,good sangat membantu,0,,,4.18.0
80,Nurul Anwar,5,2026-09-10,"sangatttt membantu, terimakasih mobile JKN",0,,,4.18.0
81,saukat ali,5,2026-09-10,excellent,0,,,4.18.0
82,Fitri YD,5,2026-09-10,pelayanan ini sangat membantu kami warga indonesia,0,,,4.12.0
83,Arie Ramadanie,1,2026-09-10,aplikasi sampah buatnya mahal tapi slalu macet dari otp hingga registrasi tidak bisa diaktifkan,0,,,4.18.0
84,kriswan setiadi,3,2026-09-10,aplikasi bagus setiap mau di pakai harus verifikasi padahal sudah di catat bagus bagus pasword tapi selalu salah beneran bikin capek,0,,,4.18.0
85,Nopa Tejo mukti,5,2026-09-10,bagus,0,,,
86,Rahmat hidayat,5,2026-09-10,membantu untuk pemeriksaan kesehatan,0,,,4.18.0
87,Muhammad Fatir,5,2026-09-10,membantu....masarajat....,0,,,4.18.0
88,Amelia Ananda,4,2026-09-10,Lola aplikasinya,0,,,
89,Roni Bekasi,5,2026-09-10,sangat bermanfaat dan membantu mempermudah dalam percobaan,0,,,4.18.0
90,Masyadi Aldo,5,2026-09-10,mantap jiwa,0,,,4.18.0
91,Mochamad Ryan Muzaki,1,2026-09-10,FC trus,0,,,4.18.0
92,Muhamad Rafi Arifin,1,2026-09-10,sediakan fitur download pdf untuk surat rujukan baru saya kasih bintang 5,0,,,
93,H yx,1,2026-09-10,apasih tiba² buat daftar online nya hilang aneh banget,0,,,
94,Agus Nur alamsyah,5,2026-09-10,mantap,0,2025-10-21,"Mohon maaf atas ketidaknyamanannya. Terkait kendala yang dialami, Anda dapat menyampaikan kendala dengan melampirkan tangkapan layar/rekam ke alamat email : carecenter@bpjs-kesehatan.go.id untuk kemudahan proses tindak lanjut. Terima kasih.",4.18.0
95,Zulfandia,5,2026-09-10,sangat membantu,0,,,4.18.0
96,Antonius Adi,4,2026-09-10,"bagus dan sangat membantu,tidak perlu harus ke kantor pusat untuk mengubah data.tetap semangat.",0,,,4.18.0
97,Mach Haris,5,2026-09-10,keren perubahan datanya cepat,0,,,4.18.0
98,Wahyudi Wahyudi,5,2026-09-10,mudah di akses,0,,,
99,candy,3,2026-09-10,"mau verifikasi wajah gagal terus, padahal udah ikutin instruksi. tempat juga udah terang. siapa si ini tim IT nya. tolong SEGERA diperbaiki. mau kontrol aja dipersulit.",0,,,4.18.0
100,Gace Imut,1,2026-09-10,Apaan ini tau tau logout... sendiri.. Percuma jg pake aplikasi bgini ga bykk pengaruh jg.. Malah Ribet. logout sendiri.,0,,,
101,Dewi,5,2026-09-10,sangat membantu,0,,,4.18.0
102,Achmad pupun istiawan,1,2026-09-10,rekam wajah terlalu lama,0,,,
103,Hamba' Allah,1,2026-09-10,"No nik sdh sesuai ktp di blng slh, apk sampah",0,,,4.18.0
104,Beni Saputra,5,2026-09-10,jos,0,,,4.16.0
105,Sis Wanto,4,2026-09-10,knp aplikasi JKN tidak bisa di download ulang setelah di paus dan hilang dr aplikasi play store,0,,,
106,Risky Aditiya,1,2026-09-10,lama bet verifikasi sms nya cok 300 detik,0,,,4.18.0
107,Muhammad Fauzan,1,2026-09-10,"kak mau nanya kan saya ingin membayar tunggakan kis/BPJS ,saya ingin bayar dengan membayar pake BCA tapi kenapa gak ada kak tolong jawab kak🙏",0,,,4.18.0
108,Aw we,5,2026-09-10,sangat baik,0,,,4.18.0
109,Santi Shyantie,5,2026-09-10,mantap,0,,,4.18.0
110,Mayana veronika Sembiring,5,2026-09-10,sangat membantu tanpa harus ke kantor nya 🥰,0,,,4.18.0
111,AbANg TamFan,1,2026-09-10,"Rata² apl buatan pemerintah terkesan asal asalan,. padahal dana pembuatannya sangat besar. sering error, logout sendiri.",1,,,4.18.0
112,fahmy saleh,5,2026-09-10,mantab deh,0,,,4.18.0
113,Hendra Rock,1,2026-09-10,"aplikasi aneh dua Minggu daftar tinggal dipermudah kirim sms aja ko repot gagal terus,. kalo. gak niat buat aplikasi mnding offline aja lah",0,,,
114,Samsu Syam,2,2026-09-10,"aplikasi ribet ,minta terus login,kadang keluar sendiri",0,,,4.18.0
115,Dedy Irawan,5,2026-09-10,sangat membatu,0,,,4.18.0
116,makunimau family,5,2026-09-10,sangat membantu untuk meningkatkan pelayanan BPJS,0,,,4.18.0
117,Aris Vauzi,5,2026-09-10,excellent,0,,,4.18.0
118,Lestari Asha,5,2026-09-10,Alhamdulillah app JKN Mobile skrg sdh semakin bagus. Membantu banget kalau mau periksa ke faskes/RS. Semoga ke depan makin bagus lagi,3,,,4.18.0
119,Lukman Hakim,5,2026-09-10,mantap,0,,,4.18.0
120,WITTIN INDRASARI,1,2026-09-10,aplikasi nya sering lemot dan keluar sendiri,0,,,
121,rani febritriani,1,2026-09-10,"bojs bobrok. udh didaftarin tindakan tgl 10 sep, de sebelum puasa krn doketer mau hj, malah eror, mundur jd tgl 15. dikira g punya kerjaan leha leha doang.",0,,,4.18.0
122,Blackdoff69 doff69,1,2026-09-10,sering error,0,,,
123,Arie Muhlapin,5,2026-09-10,Memudahkan pelayanan masyarakat,0,,,4.18.0
124,Sri Muliati,5,2026-09-10,Sangat membantu,0,,,4.18.0
125,Widya Safitri Zebua,1,2026-09-10,TOLONG YA DI PERBAIKI INI APLIKASI. BUKANNYA MEMUDAHKAN MALAH NYUSAHIN! BANYAK BUG! NGELAG PARAH! SERING TIBA-TIBA LOGOUT SENDIRI!,0,,,4.18.0
126,Bambang Wijonarko,1,2026-09-10,Perbaiki dan upgarde ai face recognition-nya,0,,,4.18.0
127,Penyejuk Hati ChanneL,5,2026-09-10,That Simple,0,,,4.18.0
128,Rahmat Fauzi,5,2026-09-10,aplikasi yg bagus dan sangat membantu sekali,0,,,4.18.0
129,Agung Hendra,5,2026-09-10,good,0,,,4.18.0
130,Ghita,5,2026-09-10,kerja bagus,0,,,4.18.0
131,Mohammad Wakid Arvian,5,2026-09-10,Sangat membantu,0,,,4.18.0
132,areska fatrisa,1,2026-09-10,mau buka aplikasi lama dan lemot membuat susah orang berobat yg lagi sakit aplikasi ga guna,0,2025-09-17,"Mohon maaf atas ketidaknyamanannya. Terkait kendala yang dialami, Anda dapat menyampaikan kendala dengan melampirkan screenshot/video ke alamat email : carecenter@bpjs-kesehatan.go.id untuk kemudahan proses tindak lanjut. Terima kasih.",4.18.0
133,Purnoto,5,2026-09-10,ini gimana ya? ketimbang mau log in aja susah banget,0,,,4.18.0
134,Asril Sitompul,5,2026-09-10,sangat baik,0,,,4.17.0
135,sri sulasmi,5,2026-09-10,baik,0,,,4.16.1
136,Toy Mahendra25,5,2026-09-10,sangat puas,0,,,4.18.0
137,rani aja,5,2026-09-10,melakukan perubahan data prosesnya hanya hitungan menit. terimakasih mobile jkn,0,,,4.18.0
138,Seni Trimuliani,3,2026-09-10,udah bagus sih cuma ini kenapa ya suka gagal terhubung ke server rs gitu buat rujukan,0,,,4.18.0
139,vellaa vellaa99,1,2026-09-10,gajelas,0,,,
140,Herry GrdTM77,1,2026-09-10,apk lawak bug truss,0,,,4.18.0
141,Fajar 22,5,2026-09-10,Sangat Mudah Jika Ingin Ganti Faskes,0,,,4.18.0
142,Rizal Fikriyan,1,2026-09-10,verifikasi wajahnya susah banget udh gitu kameranya aneh,0,,,4.18.0
143,RIAN PRANATA,1,2026-09-10,"tau"" logout sendiri, ga bisa login, katanya ada gangguan apa gitu di suruh nunggu beberapa saat, tapi sampek berhari"" sama aja",0,,,4.18.0
144,aditpriabaik,5,2026-09-10,"aplikasi kagak jelas monyet, kode Verifikasi aja lamanya kagak ngotak. pada niat bikin aplikasi gasi",0,,,4.18.0
145,Dedi Yusuf,5,2026-09-10,sangat berguna,0,,,4.18.0
146,salh jvhjk,1,2026-09-10,TOLOL MENYUSAHKAN ORANG AJA DISISI PENDAFTARAN,0,,,4.18.0
147,Jhon Smith,1,2026-09-10,"apk paling tholol yg pernah saya install, mending lu pada ga ush sama sakali install apk ini, apk haram",0,,,4.18.0
148,Shine Daniel,1,2026-09-10,"Masa sudah sampai seminggu tidak bisa login. Keterangan pemintaan belum dapat diproses. Sudah clear cache, cek update aplikasi, password benar.",0,,,4.18.0
149,orang awam,1,2026-09-10,aplikasi pemerintah wuelek Kabeh piye Iki rek dana aplikasi y seh di korupsi masak nik bener loging tidak bisa apa lah pemerintah,0,,,4.18.0
150,JEPE,1,2026-09-10,"wah sering erornya, tolong perbaiki systemnya dong, kasian yang poli pakai aplikasi, kadang tidak bisa login, kadang susah cek in, kadang mental, jadi kalau berangkat awal tetep harus antri umum. hmmm",0,,,4.18.0
151,Fuddin Zuhri,5,2026-09-10,oke,0,,,4.18.0
152,Beras Habis,1,2026-09-10,"tolong dong masa dikit"" logout .. mulai ulang masukin no ktp dll .RIBEEETT... apalagi buat emak emak .. apalagi klo lagi urgent buru buruu . setiap mau pakee masa harus login muluu ... udah bertahun tahun masih kaya gini . jngn bkin orng ribeeett dong !!!!",0,,,
153,Supri Adi,5,2026-09-10,sangat membantu sekali,0,,,4.17.0
154,Suci Iprs,1,2026-09-10,"entah yang jelek apk nya atau faskes yang di tuju. Kenapa dokter yang aku tuju selalu full padahal aku wes yang war antrian di jam buka dan mendaftar untuk besok tapi tau - tau sudah full, kayak menit 01 lohh tapi 10 antrian sudah full tapi beberapa menit kemudian eh sudah antrian 21 dan full dan aku ga dpt. ini maksudnya apa yaa? apa bisa pakai ordal? ini kenapa update nya gak updatee sih?. mana pas ada kesempatan ambil antrian ada aja pemberitahuan yang ga penting jadinya antrianku ke salip.",0,,,4.18.0
155,Yuli Yulianty,1,2026-09-09,"tidak bisa masukan no hp , gagal terus",0,,,4.18.0
156,Yuu okazaki,2,2026-09-09,"kenapa tidak bisa di instal di hp saya, aplikasi bertuliskan (perankat ini tidak bisa u tuk hp anda)kenapa begitu? mohon di jawab cepat",0,,,
157,Ardi Maulidin,1,2026-09-09,"apk pemerintah pasti tolol ga guna jelek bngt anj apk nya, vermuk msh jlk otp make pulsaa ga jls anj orang buru² brobat mati dluan d jalan ngurus gnian",0,,,4.18.0
158,Abah Tea,4,2026-09-09,awalnya susah sekali diakses..mudah2an dikemudian hari lebih mudah supaya lebih cepat proses layanannya,0,,,
159,Crayon Shinchan,1,2026-09-09,pas daftar dipersulit mulu,0,,,
160,Syahrul Palah,5,2026-09-09,baguss untuk fasilitas aplikasinya,0,,,4.18.0
161,Hendri irdneH,1,2026-09-09,Hp versi Android lama jadi gak kompatibel. Mohon agar dapat d gunakan pada versi Android yg lebih rendah,0,,,4.13.1
162,Kayla Azahra,1,2026-09-09,"sakitnya sekarang suruh berobatnya besok,,daftar antrian sekarang buat berobat besok..",0,,,4.18.0
163,Slamet Susanto,1,2026-09-09,"aplikasi nya susah bgt untuk di instal, pdhl penyimpanan tlpn cukup.",0,,,
164,Nasi Uduk,1,2026-09-09,"tiba"" logout, baru buka close sendiri, nggak bisa pakai wifi maunya data padahal lancar jaya, pokoknya banyak kendalanya lah pokoknya",0,,,4.18.0
165,ANDI PUTRA ASMARI,1,2026-09-09,gk bisa daftar di rs,0,,,4.18.0
166,putri varta,1,2026-09-09,"tidak bisa login, password salah terus, pdahal sudah benar..",0,,,4.18.0
167,MUHAMAD REZA GAUTAMA,5,2026-09-09,"ok,proses cepat perpindahan faskes dan perawatan di rs rujukan.",0,,,4.18.0
168,Irwan Moiskep,5,2026-09-09,mantap,0,,,4.18.0
169,"Abdul, rojak Parapecinta sholawat",5,2026-09-09,mantap,0,,,4.18.0
170,Heryanihartono,4,2026-09-09,cukup membantu,0,,,4.18.0
171,Irawan KenNantan77,5,2026-09-09,ngak bisa daftar,0,,,4.18.0
172,Dedy Sibarani,5,2026-09-09,mantap,0,,,4.18.0
173,Wongjowo Tulen (Sularto),5,2026-09-09,sangat membantu,0,,,4.18.0
174,Najah Najah,1,2026-09-09,jkn lu yang bener tiba tida logout begitu aja giliran disuruh login malah gak bisa lu gimana sih apk seketika gak bermanfatt bangett ihh keselll jkn yang bener donggh gimansih ini yang efektig gak jelas amat,0,,,4.18.0
175,Nenok Bonek,5,2026-09-09,semuanya dipermudah adanya jkn mobile,0,,,4.18.0
176,Amanda Fairuz,5,2026-09-09,"mantap, layanan mudah dan cepat",0,,,4.18.0
177,Amirudin Lutfi,1,2026-09-09,LOGIN GAGAL,0,,,
178,Izzahra Reffisabilla,1,2026-09-09,"Minta kode verif aja ga masuk2, jelek banget.",0,,,4.18.0
179,Linda Risnawati,3,2026-09-09,Sekarang di versi terbaru di hp saya udah tidak kompetibel lg..,0,,,4.15.0
180,ARIS SUSENO,5,2026-09-09,bagus dan cepat meski kadang ada beberapa bug yg muncul,0,,,4.18.0
181,amaliaa,1,2026-09-09,pemerintah tolol bikin apk gjls gabisa verivikasi no telp padahal no nya masih aktif,0,,,
182,SITI Masanah,5,2026-09-09,lebih simple..,0,,,
183,Fina Erliana,5,2026-09-09,"bagus bermanfaat banget, aku pindah faskes 1 aja gampang karena kemarin masih faskes bawaan sekarang udah di ganti yang sama kaya suami",0,,,4.18.0
184,Bank Iful,5,2026-09-09,sangat terbantu ga ribet antri,0,,,4.18.0
185,Slamet Mulyadi,5,2026-09-09,Ga bisa di download,0,,,4.8.1
186,Jeni Sabilah,1,2026-09-09,"Aplikasinya sangat buruk. masa masukin kode otp susah bgt pdhl no nya aktif sampe ganti"" no juga tetep sama ngga masuk""👎👎👎👎",0,,,4.18.0
187,Imam Fahrudin,1,2026-09-09,"mau daftar susah pas tiba proses verifikasi email saat buka aplikasi Gmail otomatis langsung kembali dari awal, padahal aplikasi tidak saya close, pindah dikit sudah kembali dari awal jadi harus pakek dua perangkat mau daftar. Tolong diperbaiki. selain itu banyak yang ngeluh juga di komen untuk aplikasi sering error. Ayolah segera diperbaiki, aplikasi kesehatan Lo ini banyak dibutuhkan masyarakat.",0,,,4.18.0
188,Reza Alhafis,5,2026-09-09,bagus sangat bermanfaat,0,,,4.15.0
189,antox totok,1,2026-09-09,tidak bisa di download,0,,,
190,Dedy Sutiadi,5,2026-09-09,baik,0,,,4.16.0
191,Juwita Jihan,5,2026-09-09,puas,0,,,4.18.0
192,Ria mariatun,4,2026-09-09,"bagus, dan lengkap",0,,,4.18.0
193,Eko Saputro,5,2026-09-09,respon sangat cepat,0,,,4.18.0
194,Heri Kusnadi Kusnadi,5,2026-09-09,mantab dn bagus aplikasi nya,0,,,
195,NA Jasaweb,1,2026-09-09,Banyak fitur untuk verifikasi yang nge bug,0,,,
196,Fata Morgana,1,2026-09-09,"sudah di faskes 1 meminta rujukan & berhasil mengambil antrian online di faskes rujukan tingkat lanjut, jarak 2 hari mau kontrol kanker mendadak antrian online di aplikasi JKN hilang, saya punya bukti screenshot no antrian onlinenya.. setelah konfirmasi & saya jelaskan permasalahan aplikasi JKN saya ke RS via wa katanya masih terdaftar kontrol jam 7 tgl 9 ini. setelah hari H nya nya datang ke RS tiba2 zonk katanya tidak terdaftar, sudah jauh2, obat istri pas habis, seperti dipermainkan aja.",0,,,4.18.0
197,Mardi Aja,5,2026-09-09,ok,0,,,4.18.0
198,Inti Antanori,5,2026-09-09,awesome,0,,,4.16.1
199,Juan Deki,4,2026-09-09,sangat membantu tapi cukup lola😭,0,,,4.18.0
200,arman KBM,4,2026-09-09,kenapa tdk bisa download,0,,,
201,Destari Putri,1,2026-09-09,jelek banget gagal terus diverif muka,0,,,
202,liana tanjung,5,2026-09-09,terbaik,0,,,4.18.0
203,jaly prasetya,4,2026-09-09,semakin bagus dan semakin membantu masyarakat untuk bisa lebih mudah,0,,,4.18.0
204,Hirazenyusi,1,2026-09-09,"akun nya suka keluar keluar sendiri, trus pas mau masukin lagi malah gak bisa. aneh. jangan sok sokan an modernisasi dah kalo kek begini. ngeribetin... mendingan daftar gak usah pake aplkasi ! langsung aja daftar dirumah sakit nya.",0,,,4.18.0
205,Verawati Bilondatu,5,2026-09-09,sangat baik,0,,,4.18.0
206,Sadar Simbolon,5,2026-09-09,bagus,0,,,4.18.0
207,Saifudin Zuhri,5,2026-09-09,siiip,0,,,4.18.0
208,Abdul,5,2026-09-09,aplikasi bagus,0,,,4.18.0
209,Yogi Yoga Swara,1,2026-09-09,"kirim otp aja susah,aplikasi buruk",0,,,4.18.0
210,Rohamah Chantik,5,2026-09-09,semua jadi mudah 😘,0,,,4.18.0
211,Maddani,5,2026-09-09,mantappp...bagus sekali,0,,,4.18.0
212,Abu Nizhaam Sakkajha,5,2026-09-09,"Maa syaa Allah, Aplikasi JKN sangat mudah di akses dan sangat membantu,,.! 😊🙏🙏",0,,,4.18.0
213,Yasfi Assidqi,1,2026-09-09,"app apa ini yaa keterlaluan bgt, habiskan uang rakyat aja, verifikasi nomor hp aja gabisa bisa",0,,,4.18.0
214,bungsu umakbak,5,2026-09-09,baik,0,,,4.18.0
215,Firman 135,1,2026-09-09,"ini kenapa hasil pembayaran iyuran BPJS tidak tertulis di aplikasi, apa mau di korupsi lagi kah hasil iyuran BPJS nya",0,,,4.18.0
216,Anto Afrianto,5,2026-09-09,Nice App,0,,,4.18.0
217,Nasril 321,5,2026-09-09,sangat membantu,0,,,
218,eric boyz,1,2026-09-09,"mempersulit aja ,,udah tau orang sakit malah dipersulit",0,,,
219,Mager Coding,1,2026-09-09,"orang lupa password bukanya dikasih hint malah diputer2, masak dari aplikasi gada otp malah disuruh chat wa, dari wa malah diarahin ke form gajelas. Cok tolol, dari aplikasi bisa tolol masak nyewa vibe coder buat form dalam aplikasi gabisa setingkat instansi pemerintah? nyewa buzzer bisa nyewa developer gabisa.. najis najis",1,,,
220,Galvinza Ganendra,2,2026-09-09,mau masuk susah,0,,,
221,Asyifa Aji,5,2026-09-09,Sangat mudah diaplikasikan,0,,,4.18.0
222,Rockstar Game,5,2026-09-09,aplikasi bagus,0,,,
223,ikhsan surur,2,2026-09-09,susah untuk scen wajah gagal terus,0,,,4.18.0
224,husni asn,5,2026-09-09,aplikasi bagus sangat membantu. mengubah faskes tidak harus kepuskesmas.,0,,,4.18.0
225,Samueltang,1,2026-09-09,apk tolol bikin rakyat susah mau ngadu yg jawab cuma bot yg kerja di sana pada makan gaji buta cuma tidur ga kerja tolollll cuma bot yg kerja,0,,,4.18.0
226,Adrian,5,2026-09-09,"Semoga tidak ada perubahan lagi untuk ke depan, biar mudah proses program yang berguna untuk masyarakat yang ingin kemudahan",0,,,4.18.0
227,Arif Supriyanto,5,2026-09-09,fotonya di buat susah,0,,,4.18.0
228,Anton lafau,3,2026-09-09,"perlu di tingkatkan, agar kode otp bisa dikirimkan melalui WA",0,,,4.18.0
229,ahmad baehaqi,5,2026-09-09,keren apknya tanpa ribet dan mudah dipahami. god,0,,,4.18.0
230,Faiz Kia,5,2026-09-09,oke,0,,,4.18.0
231,Rufyani Anaitpes,5,2026-09-09,membantu,0,,,4.18.0
232,Arif Cahyo,1,2026-09-09,"aplikasi pemerintah ter busuk, susah LOGIN ! Verivikasi gagal trus ,",0,,,4.18.0
233,Budi INDO,5,2026-09-09,sekarang sudah bagus pelayananya tingkatkan lagi jgn di persulit,0,,,4.18.0
234,chayadie zho,1,2026-09-09,"susah mau login, nga bagus aplikasi nangung",0,,,4.18.0
235,Bang Harry,1,2026-09-09,udah 3 hari mau ngambil nomer antrian ga bisa bisa,0,,,4.18.0
236,Muhammad Rafi,5,2026-09-09,sangat cepat membantu,0,,,4.17.0
237,Dhea Randina,1,2026-09-09,"aplikasi apa si setiap mau masuk ribetnya minta ampun, masuk ulang lah, ditambah pas mau ambil antrean harus masukin verifikasi nomor lagi, dan harus isi pulsa, maksudnya kayak masa setiap mau ambil antrean selalu kayak gini?!MASA SETIAP HARI HARUS LOGIN GITU BIAR GA DISURUH DAFTAR DAN VERIFIKASI NOMOR?!! perbaiki deh aplikasi sumpah kayak ginii, bukan mempermudah tapi memperibet",0,,,4.16.1
238,Giri Alexa97,1,2026-09-09,tidak dapat kode OTP saat mendaftar,0,,,
239,Rima Rahman,5,2026-09-09,puas,0,,,4.18.0
240,Vita Vita,5,2026-09-09,pelayanan bagus,0,,,4.14.0
241,Arzun Zunaidi,1,2026-09-09,aplikasi ga jelas .. ribet.. erorrr teruss!!!,0,,,4.18.0
242,Kurniawannn AT,5,2026-09-09,best apk ever.,0,,,4.18.0
243,maulana rahman,5,2026-09-09,jos,0,,,4.18.0
244,Prmn Ardn,5,2026-09-09,sangat membantu,0,,,
245,Arya,1,2026-09-09,"siapa si yang bikin agak kurang gini aplikasi, tidak ada kendala ditulis kendala. dibenerin napa",0,,,4.18.0
246,Diah Sayuti,1,2026-09-09,Hadeh juli sampai September 2026 ini aplikasinya g bisa login udah berkali-kali nyoba. appsnya g siap apa gmn? maintain harus di tulis dengan batas waktu yg jelas. gini buat apa nyuruh bayar iuran tp pakai apps aja g bisa buat login berkali-kali. ampun ya allah,0,,,
247,Dernia Damanik,5,2026-09-09,"Tolong jangan terlalu banyak di update , versi sebellumya juga sudah bagus, kasian kita yang tidak memiliki kouta apabila ada kejadian urgent",1,,,4.14.0
248,Githa wsng,5,2026-09-09,ok,0,,,4.18.0
249,Kila Kila,5,2026-09-09,oke,0,,,4.18.0
250,Sat set Group,5,2026-09-09,mudah,0,,,4.18.0
251,pornomo ae,5,2026-09-09,sangat bagus,0,,,4.18.0
252,siti Sadiah,1,2026-09-09,"kenapa selalu log out sendiri, giliran masuknya susah, kesel banget tau gak, aplikasi nya udah bagus padahal, tolong ini perbaiki aplikasinya, awal pake apk ini baik-baik aja, sekarang jadi kaya gini,",0,,,
253,Habibi 1234,5,2026-09-09,ok,0,,,
254,bang Wariono,5,2026-09-09,respon cepat,0,,,4.18.0
255,Delima Agam,5,2026-09-09,sangat membantu,0,,,
256,Ayu Ridwan,5,2026-09-09,terbaik sllu jln mobile sangat membantu,0,,,
257,Ruslan New,5,2026-09-09,cepat dalam perubahan data,0,,,4.18.0
258,Sefia Wijaya,1,2026-09-09,"app nya kenapa loh, dr awla bulan smpe skrg gbs d buka buka",0,,,
259,Tumiur lam Silalahi,4,2026-09-09,saya butuuh splikasionile jkn ingin dapter,0,,,
260,AFRIAN 24 MX,1,2026-09-09,"administrasi di buat sulit, BPJS tapi daftar harus online. di aplikasi, rujukan puskesmas sering hilang yg buat harus mondar mandir ke RS utk administrasi saja. tidak dapat penanganan dokter di hari yg sama saat daftar online di aplikasi. berputar-putardi lingkaran setan bagian administrasi saja ke buru mati duluan orang. aplikasi sering error sendiri. ngak perna maju Indonesia",0,,,4.18.0
261,Nopri Ipang,5,2026-09-09,aplikasinya sangat membantu,0,,,4.18.0
262,yanto anto,2,2026-09-09,bobrok ribet,0,,,
263,Aulia Maharani,5,2026-09-09,cukup membantu,0,,,
264,Nasrudin Hilmi,1,2026-09-09,"aplikasi lemot, di wajibkan ambil antrian lewat aplikasi, tapi setiap daftar antrian selalu gak bisa.",0,,,4.16.1
265,Surah Man,1,2026-09-09,aplikasi bikin emosi tiba tiba keluar sendiri mana lupa sandi lgh,0,,,4.7.0
266,Ernia Wati,5,2026-09-09,mntap dan cpat,0,,,
267,Marsa'ed 16,5,2026-09-09,pelayanan bagus,0,,,4.18.0
268,Siti Aminah,5,2026-09-09,ok bagus,0,,,4.18.0
269,rasya alip,1,2026-09-09,apk gajelas mau daftar aja susah bgt,0,,,4.18.0
270,YOSERI,3,2026-09-09,susah banget mau masuk caphca nya salah terus,0,,,4.18.0
271,Wisnu Soeharto,5,2026-09-09,ok,0,,,4.18.0
272,Ivan Ardiansyah,1,2026-09-09,APLIKASI SERING ERROR,0,,,4.18.0
273,Budi riyadi,5,2026-09-09,ok,0,,,
274,Erma Widiyasari,5,2026-09-09,trmksh sllu membantu dlm hal pendftran ke RS,0,,,4.18.0
275,Muhammad Sunardi,1,2026-09-09,makin kesini daftar antrian susahnya minta ampun,0,,,4.18.0
276,Malik AG,5,2026-09-09,keren dan sangat membantu,0,,,4.18.0
277,Rugaya Jafar,5,2026-09-09,mntap,0,,,4.17.0
278,A.RASYID SYID,5,2026-09-09,selamat anda berobat,0,,,4.18.0
279,Sukanagara Czr,1,2026-09-09,knapa jadi gak bisa ngambil antrian padahal sudah dapatar no salah terus,0,,,4.18.0
280,Budi Marwanta,5,2026-09-09,sangat baik,0,,,4.17.0
281,Lucky Fernandez,5,2026-09-09,kualitas aplikasi sudah standar aplikasi pemerintah Indonesia tapi update datanya masih lambat.,0,,,
282,Mchamp,1,2026-09-09,aplikasi belum mapan. error trus,0,,,4.18.0
283,Rendi Rustiana,5,2026-09-09,Alhamdulillah sehat dan kuat,0,,,4.18.0
284,Muchamad Sulaiman,2,2026-09-09,sangat membantu sekali,0,,,4.16.0
285,Juanita Gisellawati,1,2026-09-09,"saya sih kasian aja ya sama yg udh sepuh², milenial & gen z aja frustrasi make apk ini",0,,,4.18.0
286,rismanto uye,5,2026-09-09,ok,0,,,4.18.0
287,Ruslan79,1,2026-09-09,"saya sangat kecewa,setiap mau daptar online, selalu gagal,dan selalu jawaban sedang di proses,tolong dong sistem ya di perbaiki,supaya mempermudah dan ❌tidak mempersulit, sekian terimakasih",0,,,4.18.0
288,SIHANA SMAN 1 SKA,5,2026-09-09,useful,0,,,
289,Rina Umami,5,2026-09-09,mjkn sangat membantu,0,,,4.18.0
290,Reni Gawe,1,2026-09-09,"mau ngisi rekam medis error terus udah 2 Minggu, Gimna orang mau daftar untuk berobat online aplikasi yang sangat tidak berguna hapus saja dari play store,",0,,,
291,aditiya reynaldi,1,2026-09-09,"aplikasi sampah, daftar ga bisa bisa, kode otp sms ga masuk2 ,, taiik lah hapus aja ni aplikasi sampah",0,,,
292,Asfia Jaohari,1,2026-09-09,"error mulu aku nungguin mau PSA berapa bulan mrn, eh pas deket mau berobat malah di suruh di batalin, pas mau di batalin error mulu server nya",0,,,
293,Romi Ariawati,1,2026-09-09,"buruk, mau daftar aja gk bisa",0,,,4.18.0
294,Nurlinda Faisal,2,2026-09-09,tidak bisa masuk ke menu untuk ambil antrian,0,,,4.18.0
295,Dwi Yulinawati,5,2026-09-09,bagus,0,,,4.18.0
296,Sambel Setan,5,2026-09-09,ok,0,,,4.18.0
297,Annisa Helmalia Fitri,2,2026-09-09,apk eror mau digunakan,0,,,4.18.0
298,FajarSriwahyuni Wahyuni,5,2026-09-09,ok,0,,,4.18.0
299,Ridwan Nurdin,1,2026-09-09,"banyak bug, antrian 0 masih ga bisa daftar padahal jadwal sudah di buka",0,,,4.18.0
300,Krisna Fahmi,1,2026-09-09,"gangguan mulu, dikit2 harus login bikin ribet, bikin aplikasi banyak kurangnya kayak gini masa abisin anggaran 30 triliun bahkan buzzer aja nyampe sini komennya...bikin bete aja",0,,,
301,RISDIANA UTAMI 79,5,2026-09-09,sangat membantu,0,,,4.18.0
302,Imanuel Rizky,5,2026-09-09,sangat baik,0,,,4.17.0
303,Mario Trevel,5,2026-09-09,👍👍👍👍,0,,,
304,Hernita Widiyani,1,2026-09-09,"mau daftar tulisan nya bad request mulu, apa apa an ini apk tidak sama sekali membantu!!!! kata gw mah kaga ush bikin apk so so an akhirnya menyulitkan",0,,,4.18.0
305,Agus Sunaryono,5,2026-09-09,mantap,0,,,4.18.0
306,Syaiful Rozaq,1,2026-09-09,bapuk Aplikasi Gratisan. Jijik Ko bisa yah kaya gini aplikasi.,0,,,4.18.0
307,PAKTUA MERAH,1,2026-09-08,"udah 2 hari minta kode otp gak datang datang, gimana mau daftar 🤦",0,,,
308,Noe Farhan,5,2026-09-08,keren,0,,,4.18.0
309,Tri Sutrisno,4,2026-09-08,"Tolonglah diperbaiki lagi aplikasinya ,masak mau daftar gak bisa terus.gak bisa sementara tapi udah berkali kali gitu trus yang muncul",0,,,4.18.0
310,Yeti Curup,5,2026-09-08,bagus,0,,,4.18.0
311,Eno Putra,3,2026-09-08,"kenapa saya tidak bisa Download jkn, tulisan perangkat tidak sesuai versi ini?",0,,,
312,Imam Sutaji,5,2026-09-08,pendaftaran lebih cepat,0,,,4.18.0
313,endy .H,5,2026-09-08,"bagus, semakin mudah di gunakan",0,,,4.18.0
314,mochamad rasyad,5,2026-09-08,memudahkan,0,,,4.18.0
315,nita pabuntang,5,2026-09-08,Aplikasi ini memberikan kemudahan bagi peserta BPJS Kesehatan untuk mengakses layanan kesehatan secara digital tanpa harus datang langsung ke kantor atau mengantre lama di fasilitas kesehatan.,0,,,4.18.0
316,Wi Narsih,5,2026-09-08,sangat mudah,0,,,4.18.0
317,Kartini Tini,2,2026-09-08,aplikasi ini terkadang tdk langsun login.,0,,,4.14.0
318,Robby Dwi Firmansyah,5,2026-09-08,"aplikasi nya menurut saya sekarang bagus, ngga ngelag, dan gampang dibuka, trus ketika ada aduan dalam waktu tidak sampai 24 jam sudah ada tanggapan sesuai nomor antrian, dan juga sekarang fiturnya juga sudah bagus mengikuti kebutuhan masyarakat...",0,,,
319,Kadek Nila Ayu Wilyanti,1,2026-09-08,"Aku mau login di hp baru ku tapi lupa sandi, udah ngikutin arahan dari aplikasi masukin nik dan nomor hp yg terdaftar trs disuruh masukin kode verifikasi tp ditunggu sampe 10 menit gada kode yang masuk ke sms. Tolong ini gmna sih? udh coba berkali kali masih aja gitu.",0,,,4.18.0
320,Rudi Chandra Kaban,5,2026-09-08,bagus,0,,,4.18.0
321,Awan Hermawan,1,2026-09-08,"sudah 3 xdi jadwalkan ulang trs krna dokter y tidak ada, dan tidak memberikan solusi unuk ktmu dokter lain",0,,,
322,Anty,5,2026-09-08,lebih memudahkan,0,,,
323,Roky Krisdianto,5,2026-09-08,good,0,,,4.18.0
324,Pujiatilestari,1,2026-09-08,aplikasi tidak bisa di gunakan!!,0,,,
325,Sukardi Kadi,5,2026-09-08,ok banget,0,,,4.18.0
326,Malikal Pasha,4,2026-09-08,sangat senang,0,,,4.18.0
327,Agus Marhendrajaya,5,2026-09-08,bagus,0,,,4.15.0
328,Kamto Kb,5,2026-09-08,mantap,0,,,4.18.0
329,Reza Rizky Amelia,3,2026-09-08,"Ini gimana sih mau daftar antrian gak sesuai sama ketersediaan nomor, harusnya kalau memang sudah penuh itu di update.",0,,,4.18.0
330,Turah Solikin,5,2026-09-08,"good,nice",0,,,4.18.0
331,Rusdi Jepara,5,2026-09-08,mantap,0,,,4.18.0
332,andre paserera,5,2026-09-08,Good,0,,,
333,isti almeera,5,2026-09-08,memudahkan dalam berobat,0,,,4.18.0
334,Riyo never flash,1,2026-09-08,"verifikasi susah amat,. perbaiki kalo bisa. verifikasi ga dikirim2.",0,,,
335,Benny Syahputra,1,2026-09-08,"tiba2 keluar sendiri. tp mau masuk lagi dipersulit. yg kata nya vaptcha salah, Internet nya mati.. aplikasi gak bermutu.",0,,,4.18.0
336,VIDI Adriansyah,1,2026-09-08,aplikasi bapuk benerin dulu tuh verifikasi wajah nya duit nya di korup Mulu sih bikin aplikasi kaga bener hdehhh,0,,,4.18.0
337,Nitaaa Djdbd,5,2026-09-08,bagus,0,,,4.18.0
338,Siti Choiriyah,5,2026-09-08,bagus,0,,,4.17.0
339,Sawal Noto Susilo,5,2026-09-08,lebih mudah,0,,,4.18.0
340,Sururiyah Ibu,4,2026-09-08,lancar,0,,,4.13.1
341,Na-Mi-Vi-Ca,1,2026-09-08,"ini kenapa tidak bisa login si, tombol masuknya tidak bisa d klik",0,,,4.18.0
342,Rika Wahyuni,5,2026-09-08,"Benar benar sangat membantu, memudahkan",0,,,4.18.0
343,Yudhistira WP,5,2026-09-08,okeh banget sah,0,,,4.18.0
344,Widya quy,5,2026-09-08,sangat puas dengan pelayanan,0,,,4.18.0
345,Nendhe Praviga,1,2026-09-08,"Terbaik lah, mau login minta kode verifikasi gangguan mulu, mana nunggu nya lama lagi. ini kalian emang pada berharap pasien mati dulu baru dikirim ya",0,,,4.18.0
346,Lady R,1,2026-09-08,"gak bagus samsek, berkali-kali daftar rehab tapi gk ada info jelas gimana cara bayarnya. ini sebenarnya mau dibayar apa gak sih. notif doang bikin sampah tapi mau bayar dipersulit",0,,,
347,Lili Hardiana,5,2026-09-08,best,0,,,4.18.0
348,Riki Alazid,5,2026-09-08,proses nya cepat dan sangat mudah di pahami,0,,,4.18.0
349,Syamsidar Mappa,1,2026-09-08,Krn TDK bisa didownload kmbli,0,,,
350,Bunda Charly,5,2026-09-08,sangat membantu,0,,,4.18.0
351,Ody Farid prasetyo,5,2026-09-08,sangat membantu pada saat sakit,0,,,4.18.0
352,Qwitpra 04,5,2026-09-08,mantappp....,0,,,
353,SYAYYIDAH Al MARDLIYYAH,1,2026-09-08,"verifikasi wajah ga bisa” sudah 1 jam saya verifikasi, tolong segera diperbaiki.",0,,,
354,Rafa Istiqomah,1,2026-09-08,aplikasi Tolol dimasukin no.hp gak bisa bisa,0,,,4.18.0
355,Viona Shelly,1,2026-09-08,login susah,0,,,4.18.0
356,nur faizah05,3,2026-09-08,nunggu antrian. panja6 poli kosong. yg punya nomor blm hadir lama. sebaiknya nomor antrian bila datang k lokasi di reset ulang,0,,,
357,46 X men,1,2026-09-08,sudah daftar sidik jari login ga bisa lupa password mengulang terus,0,,,4.18.0
358,Teguh Santosa,1,2026-09-08,"aplikasi jadul, keamanan masih verifikasi sms, pake pulsa. sekali sms 5ribu. apk pemerintah g bs hidup klo g makan uang rakyat",0,,,4.18.0
359,Nurhidayatullah Mustajib,4,2026-09-08,ok,0,,,4.18.0
360,Arya Maysa,1,2026-09-08,tolol amat kirim otp aja pake pulsa. kenapa program pemerintah selalu dongo,0,,,4.18.0
361,Jackson Graves,1,2026-09-08,"ga bisa daftar, karena kode verification no hp ga dikirim, hapus ajah menu daftar nya kalo ga di pake",0,,,4.18.0
362,SIAGIAN HENDRIK FANCO,5,2026-09-08,Sangat Membantu,0,,,4.18.0
363,Raihan,1,2026-09-08,"hama, jaringan bagus di apk nya loading terus",0,,,
364,Arif Rachman,5,2026-09-08,saya suka mjkn ini,0,,,4.18.0
365,Riani Pebriani,5,2026-09-08,memudahkan ❤️,0,,,4.18.0
366,Mahrup,5,2026-09-08,bagus bgt aplikasi ini cepat dan mudah di pahami,0,,,4.18.0
367,Supriyanto,5,2026-09-08,"bagus tapi captcha jangan terlalu rumit dan sulit,kasihan para orang tua",0,2022-07-17,"""Hai…Terima kasih atas review dan rating yang diberikan Kami akan terus melakukan perbaikan dan penyempurnaan pada aplikasi Mobile JKN untuk memberikan kecepatan dan kemudahan layanan bagi peserta JKN. Kami terus melakukan penyempurnaan terhadap kendala Aplikasi yang anda sampaikan untuk kenyamanan pengguna. Terima kasih.""",4.18.0
368,rendy adrysh,1,2026-09-08,"lag parah,server down padahal wifi/data udh oke.jadinya terhambat buat daftar antrian",0,,,4.18.0
369,Indra wahyudi,5,2026-09-08,mantul aplikasinya,0,,,4.18.0
370,Hatchie,1,2026-09-08,"verifikasi no hp tidak bisa,, perbaiki saja",0,,,
371,Muhifa Kalsum,5,2026-09-08,"ini gimana si aplikasi nya,kemarin masih aman aku liat ,dapat nomor antrean buat tanggal 17 bisa,ko tadi aku cek tiba tiba ke log out sendiri? sandinya dimasukin salah salah Mulu tolong dong ini gmn besok saya berobatnya",0,,,
372,mohammad farid,1,2026-09-08,"aplikasi lemot ngehank terus, mau bayar malah dipersulit",0,,,4.18.0
373,Nurhayati Rohadi,5,2026-09-08,berobat bpjs menggunakan jkn mobile mudah utk meng akses data dan antrean,0,,,4.18.0
374,Nova Skyva,4,2026-09-08,bisakah login pakai gmail tanpa ktp captcha dan bagaimana jika tidak bayar denda bpjs ...bagaimana jika merubah rujukan untuk daftar online,0,,,
375,shimi,1,2026-09-08,"verifikasi wajah selalu gagal, saat diminta kode otp, itu pesan otp nya tidak masuk2 padahal sudah bener nomor hp yang di masukan untuk menerima kodenya, atau emang bermasalah aplikasi nya?",0,,,
376,Dista Alvianto,1,2026-09-08,"untuk call centernya memang selalu mengangkat telfon , tapi setiap 5 menit tiba tiba signal dr pihak call center merah sedangkan signal kita penuh , ya masak sekelas jkn kek gini",0,,,4.18.0
377,Siti Nurhayati,5,2026-09-08,mantap jiwa 😎😎😎,0,,,4.18.0
378,Nuka Nua,1,2026-09-08,"tolong aplikasi JKN, jangan mempersulit orang, mau ambil no antrian online saja, tidak bisa masuk, pada hal sudah pakai lama, masa bilang nomor KTP salah, kata sandi salah, pada hal semuanya susah benar. paling lucu lagi disuruh daftar ulang, ini bego sekali aplikasi mambtu ilang malahan mempersulitkan orang. aturan macam apa ini.",0,,,
379,munawir hadi,1,2026-09-08,staff IT nya ini mungkin yg abal abal 😂 bisa bisanya daftar online gg pernah bisa ke buka 🤣🤣,0,,,
380,anang rusdi,5,2026-09-08,sangat membantu,0,,,4.14.0
381,Novi Hendriyanto,5,2026-09-08,Aplikasi sangat membantu,0,,,4.18.0
382,urip pitriyah,5,2026-09-08,sangat membantu dlm mengambil nomor antrian,0,,,
383,Roman Vecto,1,2026-09-08,lagi eror aplikasi nya ya kira-kira kapan ini di perbaiki nya,0,,,4.18.0
384,Dwiga Rahmat,1,2026-09-08,mau daftar masak pilihan dokternya gak bisa segera diperbaruilah,0,,,4.18.0
385,Ari Putra,5,2026-09-08,bagus dan memuaskan,0,,,4.18.0
386,Danu Susanto,5,2026-09-08,reaponsif,0,,,4.18.0
387,Khorina Aditia,1,2026-09-08,"Masa mau verifikasi lewat sms aja harus pakai pulsa dulu, aneh banget. Mending nggak usah pakai aplikasi dehh.",0,,,4.18.0
388,Ikhwan Awwalu,1,2026-09-08,lagi eror kah? saya nggak bisa daftar online,0,,,4.18.0
389,Unknown Faqih,1,2026-09-08,login nya sulut banget ngulang² terus,0,,,4.18.0
390,Rudi Miftah,5,2026-09-08,lumayan,0,,,
391,Asni Rusman,5,2026-09-08,pelayanan baik,0,,,4.18.0
392,Diana Pesek,5,2026-09-08,kemudahan layanan,0,,,
393,Hinda Yanti,1,2026-09-08,asli ribet rs islam sitihajar. pasien dihajar habis oleh verifikasi 🥲,0,,,4.18.0
394,AGUSTIAN.G Gunawan,5,2026-09-08,good bagus,0,,,4.18.0
395,Jesen Kauwang,1,2026-09-08,"ampas bgt apk pemerintah 1 ini, mau daftar aja dipersulit, kamera identifikasi muka aja ga becus, ampasnya ngampas bgt!!",0,,,4.18.0
396,siti rahmawati,3,2026-09-08,hp dulu bisa download app ini. kenapa sekarang tidak🥵🥵🥵,0,,,
397,Rafif Zainul,1,2026-09-08,root matamu root,0,,,
398,Weni Afrida,1,2026-09-08,"aplikasi nya jelek padahal aplikasi untuk layanan masyarakat, tiba tiba akun log out sendiri giliran mau login lagi tombol login nya gak bisa respon apa apa, jdi gak bisa masuk ke aplikasi. ini sangat perlu diperbaiki secepatnya kasihan orang yang mau ambil antrean kontrol gimana mau ambil antrean kalo gak bisa login, tolong buat segera direvisi aplikasi layanan ini krna sangat menggangu jika tidak bisa berjalan sesuai ketentuan nya.",0,,,
399,Kayla Nahdha,5,2026-09-08,pingin rubah klas untuk angota keluarga caranya gimana ya,0,,,4.18.0
400,Heni hendrayani,2,2026-09-08,suda no induk sudah berulsandi capca masuk tetap ga bisa login kecewa susah,0,,,4.18.0
401,Ricky Ablizar,4,2026-09-08,"Mohon aplikasi ini lebih disempurnakan lagi,terutama pengaduan masyarakat.Dan kalau bisa diadakan live chat agar semua masalah dapat diselesaikan dengan baik tanpa harus mengunjungi kantor dinsos yg terkadang pengurusannya rumit.Terima Kasih 🙏🙏🙏",0,,,4.18.0
402,Rankar Romantika,5,2026-09-08,"ini sangat tidak menguntungkan bagi lansia yang ingin berobat, verivikasi wajah gagal terus, verivikasi SMS gagal terus, di ulang tetap gagal terus, tambah mempersulit kalau proses nya seperti ini",0,,,4.18.0
403,amel rose,5,2026-09-08,mantep 👍,0,,,4.18.0
404,Eman Ependi,5,2026-09-08,Bagus cepat tepat,0,,,
405,Rizqi Kamalia,4,2026-09-08,servernya harus diperbaiki lagi. sering ngebug waktu mau ambil antrian online.,0,,,4.18.0
406,Kerang Ijo,1,2026-09-08,tolong dong bisa buat semua hp klo ga kompektibel gimana bsa buat berobat,0,,,4.16.1
407,Sarifatimah Sari,5,2026-09-08,Sangat membantu,0,,,4.18.0
408,Adhis Muhamad,5,2026-09-08,Membantu dan memudahkan secara praktis👍,0,,,4.18.0
409,Akbar Muhammad,1,2026-09-08,"Nomor sudah sesuai, tapi tidak terkirim dan untuk meminta ulang kode OTP, harus menunggu sangat lama",0,,,4.18.0
410,asep cepot,5,2026-09-08,ok,0,,,4.18.0
411,Siti Munawaroh,5,2026-09-08,kenapa tidak masuk daftar Mobile jkn nya,0,,,4.18.0
412,yaar,1,2026-09-08,"g bisa daftar, verifikasi sulit....",0,,,4.18.0
413,Faris,5,2026-09-08,cepat tanggap dalam melayani .. pokoknya 👍 👍👍,0,,,4.18.0
414,Ibnu Hendrian,1,2026-09-08,jelek ga bisa mendaftar udah 2 hp di coba tetap bad request,0,,,4.18.0
415,Sah Roni,2,2026-09-08,ko ga bisa kebuka lgi y,0,,,4.14.0
416,Parker McCall,5,2026-09-08,sangat membantu,0,,,4.18.0
417,Hasbi Ramadhan,5,2026-09-08,bagus,0,,,
418,Heri Yanto,1,2026-09-08,"Buat penyedia aplikasi jkn,klo g niat membantu masyarakat kecil mending g usah sama sekali.. apk g guna begini.. daftar satu hari full hanya untuk menunggu otp yg g jelas",0,,,4.18.0
419,Sarah chika Sarah chika,5,2026-09-08,luar biasa 💯👍,0,,,4.18.0
420,Slamet Herman Prayoga,5,2026-09-08,Alkhamdulillah perubahan data cepat direson,0,,,4.18.0
421,Novan Fadil,1,2026-09-08,aplikasi jangan du downloaded ga menyarankan untuk daftar di sini soal ini gajelas apk bego nomor salah mulu padhal dh bener ga masuk sms,0,,,4.18.0
422,Bang Veve,2,2026-09-08,aplikasi gk jelas log out sndiri,0,,,4.18.0
423,Cece,5,2026-09-08,aplikasi tidak bisa dibuka di hp saya.,0,,,4.18.0
424,Dadan Nuramdani,1,2026-09-08,"terlalu banyak masalah di aplikasi, mempersulit pendaftaran dan ke pelayanan",0,,,4.18.0
425,Rico Ramananda,5,2026-09-08,Terbaikkkkkk,0,,,4.18.0
426,Juliusperkasa Putra,1,2026-09-08,"ini kode otp ga masuk"" apa mungkin masuknya pas kiamat",0,,,4.18.0
427,teguh suprianto,1,2026-09-08,verifikasi wajah susah bnget,0,,,4.18.0
428,Nur Fadilla,5,2026-09-08,sjk donlod aplikasi ini semua gampang,0,,,4.18.0
429,Mama Tama,5,2026-09-08,cepat dan akurat,0,,,
430,andrie daud,5,2026-09-08,Sangat membanting,0,,,4.18.0
431,amat yasir,5,2026-09-08,pelayanan oke,0,,,
432,slamet fajar,5,2026-09-08,ok,0,,,4.18.0
433,Faisal Abdul lontoh Ferri,5,2026-09-08,mudah dan membantu,0,,,
434,Riani Ani,5,2026-09-08,Bagus dan sangat membantu,0,,,4.18.0
435,Ariansyah,1,2026-09-08,lemot,0,,,4.18.0
436,DienN 2423j,1,2026-09-08,tidak mendapat kode otp,0,,,4.18.0
437,M. Naufal Ramadhan Dias,5,2026-09-08,sangat mudah untuk mengganti dokter faskes 1 dan berobat,0,,,4.18.0
438,Wawan Julian,5,2026-09-08,mudah digunakan dan memudahkan masyarakat,0,,,
439,indi harin Mustofa,5,2026-09-08,aplikasi sangat bermanfaat bagi masyarakat,0,,,4.16.1
440,Alfine Nanda,1,2026-09-08,"mohon maaf sebelumnya, apk nya ribet bangettt masih verifikasi kode otp lewat email, verifikasi kode otp pake no hp, pas udah kita ketik no hp selalu eror udah saya coba lebih dari 10X dari kemaren tapi masih tetep aja, katanya pulsa minimal 5K sedangkan pulsa saya ada 15K tapi tetep ga bisa, sedangkan dari tim kesehatan di RS atau puskesmas harus make apk jkn dan pas saya bilang ga bisa mereka juga bingung? adek saya juga sudah mencoba di hp nya sendiri tapi ga bisa juga? mohon maaf dan makasih",1,,,4.18.0
441,Asha Hijra,4,2026-09-08,mantap semoga lancar jaya !,0,,,4.18.0
442,Febri Ardiansyah,5,2026-09-08,ok,0,,,
443,Tutut Santoso,5,2026-09-08,"mau periksa harus daftar lewat aplikasi, tp kenapa aplikasinya error. no connection, pdhl paketan masih 26GB 🥲",0,,,4.18.0
444,Aldidesu,1,2026-09-08,"aplikasi pemerintah ga ada yang bener. captcha ga jelas, verif nomer hape hatus pake pulsa. gojek aja bisa pake WhatsApp yang mana pake paket data. hari gini tuh udah ga banyak orang yang punya pulsa, punyanya paket data. rugi gue kudu beli pulsa 5000 cuma buat pindah puskesmas",0,,,4.18.0
445,Peri Kecil,4,2026-09-08,"meski udah daftar antrian online.tetep aja dilokasi antri sesuai urutan yg dilokasi,meskipun antrian di JKN no. 2",0,,,
446,abdullah said,1,2026-09-08,Yang bisa akses hanya HP tipe tinggi Kurang tepat sasaran Kasihan yang dikampung HP jadul ga bisa akses Apakah harus beli HP dulu. Padahal lagi sakit parah. Uang jg pas pasan... Astaghfirullah 😥,0,,,
447,santi dwi,5,2026-09-08,oke,0,,,4.18.0
448,Imank Sudirman,5,2026-09-08,mantap,0,,,4.18.0
449,Satrio Sambodo,1,2026-09-08,"ferivikasi mental semua, lewat sms, WA bahkan wajah, bikin g nyaman... akses ksehatan malah terganggu... pengen cepet tmbah bkin ribet... perbaikin doooong...!!!",0,,,4.18.0
450,Kii Alvakista,1,2026-09-08,"apk buatann Indonesia emang bikin darah tinggi anj, suka sering error!",0,,,4.18.0
451,Rizky Permatasari,5,2026-09-08,mantaap udah lebih bagus aplikasi nya sangat mempermudah,0,,,
452,Fauzi Ilyas,1,2026-09-08,mau ambil antrean mala gak bisa disuruh hububgi call centre atau cs nya uda dihubungi mala gak ada solusi ribet banget jkn,0,,,4.18.0
453,Cullenk Fellaini,1,2026-09-07,aplikasi tolol ngeblank terus gak bisa di buka goblokk,0,,,4.18.0
454,Kardi Airin,5,2026-09-07,terima kasih,0,,,4.18.0
455,Ichika Nanakiy,2,2026-09-07,tolong kalau buat aplikasi yang mudah tagihan muncul tapi tidak ada cara membayar nya......,0,,,
456,Firman saragih,1,2026-09-07,"aplikasi apaan begini, daftar pun gk bisa, gk jelas banget",0,,,4.18.0
457,JEVERSTEINE,1,2026-09-07,menu yang penting malah tidak di tampilkan mau bayar iuran tidak tau dimana .....,0,,,4.18.0
458,Abe Ganteng,1,2026-09-07,apk lelet konfirmasi nomor TPI tidak kunjung dapat sms,0,,,
459,Rohim Oim,5,2026-09-07,terima kasih sudah terbantu,0,,,4.18.0
460,Asep Saepudin,1,2026-09-07,aplikasi eror mulu,0,,,
461,Nyoman Supatra,5,2026-09-07,aplikasi bagus,0,,,4.18.0
462,Suwari Aldi,1,2026-09-07,nges3lin....login masuk salah nik lah salah pasword lah aneh...bikin kesel...,0,,,4.18.0
463,indra mahendra,4,2026-09-07,"cukup bagus, hanya saja untuk verifikasi wajah agak lama. tolong diperbaiki. terimakasih.",0,,,4.18.0
464,Safira EgaSatryo,1,2026-09-07,mau download g bisa mulu kenapa woiii,0,,,
465,Pratama Hadi,1,2026-09-07,aplikasi merepotkan bagi yang ingin berobat. payah,0,,,4.18.0
466,Azrilrifqi Azrilrifqi,5,2026-09-07,keren sih aplikasi ini sangat membantu mudah masuk setiap 1x bulan,0,,,4.18.0
467,Dian Wahyuni,5,2026-09-07,muda bget,0,,,4.18.0
468,Aguk Supriyanto,1,2026-09-07,gak bisa di buka,0,,,4.15.0
469,Nadhira Valyn,1,2026-09-07,"aplikasi bujang , apa harus orang kaya baru di permudah , jangan download , rakyat kecil ini selalu di persulit verifikasi nomor lebih 1 jam ,dan hasilnya coba lagi",0,,,
470,Farid Fatahilah,1,2026-09-07,masak kode nya ga ter kirim ke sms,0,,,4.18.0
471,andi turnip,5,2026-09-07,ok,0,,,
472,Yahya Ardian Yuma Pracesa,1,2026-09-07,ngestuck di logo page,0,,,4.18.0
473,Evi tania,5,2026-09-07,ini gimana yaa saya mau download aplikasi ini ko ga da yaa di play store,0,,,
474,sindi aditiya,5,2026-09-07,terimakasih bnyak mobile jkn💑,0,,,4.18.0
475,Siti Marnah,4,2026-09-07,ribet mana aplikasinya mental terus,0,,,4.18.0
476,Eko Priyanto,5,2026-09-07,mudah,0,,,
477,Radit Aminoto,1,2026-09-07,mau daftar susah amat minn,0,,,4.18.0
478,Kemal Prayuga,5,2026-09-07,terimakasih banyak,0,,,4.18.0
479,Iwan Gunardi,1,2026-09-07,"masuk aja gak bisa, padahal pasword benar. lewat no hp email juga benar gak bisa masuk. uninstall aja",0,,,4.18.0
480,nur yanto,5,2026-09-07,tidak bisa dibuka,0,,,4.18.0
481,SURYADI,3,2026-09-07,menunggu verifikasi kode otpnya lama,0,,,4.18.0
482,Muhammad Syahid23,4,2026-09-07,mantaps luar biasa,0,,,4.18.0
483,Mohamad Fahri 25,1,2026-09-07,APLIKASI PENGUJI KESABARAN TOLONG INI APLIKASI KENTANG BGT GA LAYAK BGT DIBILANG APLIKASI,0,,,4.18.0
484,endang susilawati,3,2026-09-07,"Aplikasi nya kenapa sering logout sendiri si, udh gitu mau log in lg susah nik/password salah terus pdahal nik udh bener di KK dn password juga udh bener sewaktu daftar .",0,,,4.18.0
485,016_ Khayla Syifa M.,5,2026-09-07,makan ok,0,,,
486,Nora Selvia,4,2026-09-07,"kalo untuk aplikasi sdh bagus,tapi suka logout sendiri,,,meski jaringan bagus,mohon tingkatkan lagi untuk kelayakan dan kenyamanan saat d gunakan",0,,,4.14.0
487,Ahmad Youtube,5,2026-09-07,assoy,0,,,4.18.0
488,Sultan Nasik,1,2026-09-07,ribet mau daftar juga susah kameranya gajelas satu muka satu muka di kira muka ada banyak gajelas,0,,,
489,Lia Herawati,5,2026-09-07,Alhamdulillah mudah ubah klinik.. terima kasih jkn,0,,,4.18.0
490,Ariyanto Buddy,5,2026-09-07,best,0,,,
491,Odhay 79,1,2026-09-07,"1 perangkat masa saya tidak bisa login 3 NIK, 3 nik itu sy dan 2 anak sy, kata call center 165 harus masing² py akun sendiri karena peserta terdaftar di segmen berbeda, giliran sy daftar 1 hp 3 nik ga bs login, perintah nya suruh hubungin 165,gmana sih....",0,,,
492,Sardini Afajari,2,2026-09-07,"ni akun nyebelin, mbok ya diperbaiki, keluar sendiri, suruh login terus",0,,,4.18.0
493,YUDHA FRATAMA,5,2026-09-07,oke mantap..,0,,,4.18.0
494,Agsthns Paide (PvchePibo),1,2026-09-07,"tolol, mau daftar aja ribetnya minta ampun",0,,,4.18.0
495,Uden Rh,1,2026-09-07,selalu log out.. sekali nya mau login selalu nik salah.. padahal sudah betul,0,,,4.18.0
496,Alfi Firdaus,5,2026-09-07,membantu tolong klo bisa jangan gagal mulu masuk ny,0,,,4.17.0
497,Basuki Nur,5,2026-09-07,sangat membantu,0,,,4.18.0
498,STARFIT Indonesia,5,2026-09-07,good,0,,,
499,Ana Dwi rahayu,5,2026-09-07,mudah di.pahami,0,,,
500,Rudi Septianto,1,2026-09-07,versi android nya ketinggian jadi sulit diakses untuk versi android 10 kebawah,0,,,4.18.0
